name,latitude,longitude,weight
id_1,8.9944064,38.7902098,1
id_2,9.0114105,38.7621296,1
id_3,9.0127337,38.7395792,1
id_4,9.0064556,38.6818821,1
id_5,8.9866281,38.7492433,1
id_6,8.9486058,38.7648997,1
id_7,8.8715459,38.7889991,1
id_8,9.0114074,38.7621792,1
id_9,9.0034478,38.7679931,1
id_10,8.9938339,38.7927952,1
id_11,9.032998,38.7254941,1
id_12,9.0506354,38.7257655,1
id_13,9.0457306,38.7436298,1
id_14,9.057157,38.740055,1
id_15,9.0143122,38.7517682,1
id_16,9.0161003,38.7436838,1
id_17,9.0188822,38.7513027,1
id_18,9.001855,38.766296,1
id_19,9.01314,38.7742082,1
id_20,9.016108,38.77175,1
id_21,9.0186591,38.7490532,1
id_22,8.980879,38.754852,1
id_23,8.9865314,38.7489908,1
id_24,9.0050348,38.7518334,1
id_25,8.9900743,38.7606943,1
id_26,8.9741654,38.7606411,1
id_27,8.9870836,38.7488699,1
id_28,8.9883932,38.7883504,1
id_29,8.9880679,38.7372344,1
id_30,8.9887628,38.7362595,1
id_31,8.9917686,38.7479408,1
id_32,9.0127767,38.7486874,1
id_33,9.0310545,38.754817,1
id_34,9.0338394,38.7635447,1
id_35,9.0121171,38.7811291,1
id_36,9.0170044,38.7670574,1
id_37,9.0245464,38.795607,1
id_38,9.0370124,38.7318051,1
id_39,9.0496298,38.7255989,1
id_40,9.0331819,38.7630255,1
id_41,9.0168438,38.7666261,1
id_42,9.004541,38.7676708,1
id_43,9.0050934,38.7673909,1
id_44,8.9942134,38.7294399,1
id_45,9.0025104,38.7821391,1
id_46,8.9968012,38.8080335,1
id_47,9.034524,38.7439983,1
id_48,9.031804,38.754982,1
id_49,8.9883271,38.7915314,1
id_50,9.0347237,38.7279542,1
id_51,9.0412233,38.73048,1
id_52,9.000714,38.76977,1
id_53,8.9380687,38.7468861,1
id_54,8.9806361,38.7493322,1
id_55,8.9826921,38.7645824,1
id_56,8.9904769,38.7907386,1
id_57,8.9927524,38.7832552,1
id_58,9.033578,38.71196,1
id_59,8.931952,38.662407,1
id_60,8.9754715,38.68185,1
id_61,9.005305,38.74544,1
id_62,9.0038227,38.8130156,1
id_63,9.0337432,38.7393828,1
id_64,8.9892501,38.755866,1
id_65,8.9889863,38.7536405,1
id_66,8.9881943,38.7516798,1
id_67,8.9875207,38.7515614,1
id_68,8.9925827,38.7663532,1
id_69,8.9889968,38.7521291,1
id_70,8.9880761,38.7516537,1
id_71,9.0039244,38.7575698,1
id_72,9.0044329,38.7525994,1
id_73,9.0054722,38.7510601,1
id_74,8.9007635,38.767887,1
id_75,8.9092886,38.764916,1
id_76,8.896138,38.771286,1
id_77,8.995735,38.75419,1
id_78,9.0111152,38.7488948,1
id_79,9.0096473,38.7474102,1
id_80,9.0096959,38.7474278,1
id_81,9.0145289,38.7506681,1
id_82,9.0099079,38.7476846,1
id_83,9.012625,38.7504567,1
id_84,9.0143011,38.7518832,1
id_85,8.923672,38.76477,1
id_86,8.902616,38.76719,1
id_87,8.954224,38.76338,1
id_88,8.952206,38.76306,1
id_89,8.955301,38.76347,1
id_90,8.9043255,38.766144,1
id_91,8.913503,38.762833,1
id_92,8.9922436,38.7938814,1
id_93,9.009209,38.7637997,1
id_94,8.9906527,38.7731608,1
id_95,8.9949719,38.7664057,1
id_96,9.0336984,38.7261606,1
id_97,9.0359639,38.725766,1
id_98,8.9996207,38.7402914,1
id_99,8.9949802,38.7803491,1
id_100,8.9970352,38.7815275,1
id_101,8.9951867,38.7816371,1
id_102,8.9972159,38.7780145,1
id_103,8.9986808,38.7820863,1
id_104,8.9883831,38.7918562,1
id_105,9.020075,38.806854,1
id_106,9.0012773,38.8015018,1
id_107,9.021455,38.8358354,1
id_108,9.0089624,38.7648281,1
id_109,9.0111074,38.7163882,1
id_110,9.0152977,38.7554049,1
id_111,9.046402,38.7512797,1
id_112,9.0562288,38.7435936,1
id_113,9.0184353,38.7771312,1
id_114,9.0383225,38.8313936,1
id_115,8.9983347,38.7685539,1
id_116,8.9950849,38.7717116,1
id_117,9.0053158,38.768646,1
id_118,8.9281518,38.7672047,1
id_119,8.9318158,38.7619012,1
id_120,8.8701419,38.7884764,1
id_121,8.8719635,38.7927256,1
id_122,8.8945769,38.7729627,1
id_123,8.8992196,38.7687587,1
id_124,8.9317578,38.7613552,1
id_125,8.9242271,38.7649353,1
id_126,8.9313703,38.7525306,1
id_127,8.9632763,38.7631235,1
id_128,8.9899584,38.7573742,1
id_129,8.9949176,38.7519186,1
id_130,8.9947688,38.7473938,1
id_131,8.9942877,38.753623,1
id_132,9.0018142,38.7405751,1
id_133,9.0044707,38.7466288,1
id_134,9.0050053,38.7465782,1
id_135,9.0091785,38.7737056,1
id_136,9.0067888,38.7766069,1
id_137,9.0283063,38.7748451,1
id_138,9.026577,38.7563791,1
id_139,9.0252417,38.7525911,1
id_140,9.015315,38.7679633,1
id_141,9.0052635,38.7726463,1
id_142,8.9967385,38.7786349,1
id_143,8.9946972,38.7778136,1
id_144,8.9965187,38.7780476,1
id_145,8.9973367,38.7767366,1
id_146,8.9958528,38.7781745,1
id_147,9.0003445,38.7617369,1
id_148,9.0126339,38.7412445,1
id_149,8.9994709,38.7191541,1
id_150,8.9991609,38.7191482,1
id_151,9.0006812,38.7554975,1
id_152,9.0030543,38.7708686,1
id_153,9.0072083,38.7763437,1
id_154,9.0072684,38.7763016,1
id_155,8.9986095,38.7715081,1
id_156,8.9939378,38.7899168,1
id_157,9.0133372,38.7741564,1
id_158,8.9975901,38.7395901,1
id_159,9.0130276,38.7345533,1
id_160,9.0078348,38.7465851,1
id_161,9.021701,38.7332294,1
id_162,9.0062075,38.7464849,1
id_163,8.9949871,38.7390686,1
id_164,9.012142,38.746739,1
id_165,9.0115262,38.7325134,1
id_166,9.0110077,38.7405672,1
id_167,9.0109308,38.7409058,1
id_168,9.0031049,38.7466914,1
id_169,9.014834,38.74479,1
id_170,9.0213343,38.7352899,1
id_171,9.0168597,38.7464444,1
id_172,9.0215277,38.7332161,1
id_173,9.0058256,38.7465116,1
id_174,9.0011868,38.7401909,1
id_175,9.0075888,38.7654478,1
id_176,9.0117958,38.7507229,1
id_177,9.0117935,38.7506434,1
id_178,9.0077472,38.7652912,1
id_179,9.0118071,38.7505633,1
id_180,9.011814,38.750633,1
id_181,9.0118178,38.7507082,1
id_182,9.0144696,38.7523544,1
id_183,9.0030026,38.758328,1
id_184,9.0148331,38.756256,1
id_185,9.016795,38.7649191,1
id_186,9.0148302,38.7642867,1
id_187,9.0099092,38.7709897,1
id_188,8.9846808,38.7593227,1
id_189,8.9998524,38.7470694,1
id_190,8.9814378,38.7636345,1
id_191,9.0052333,38.7672751,1
id_192,8.9820586,38.7562402,1
id_193,9.0112273,38.7757287,1
id_194,9.0153539,38.7530468,1
id_195,8.986727,38.7596893,1
id_196,8.9903426,38.7928962,1
id_197,8.9708116,38.7320325,1
id_198,9.0525456,38.7001086,1
id_199,9.0530545,38.697925,1
id_200,9.010772,38.7737234,1
id_201,9.0125566,38.7732497,1
id_202,9.0046188,38.7590934,1
id_203,8.9811553,38.7744595,1
id_204,8.9820757,38.7738546,1
id_205,8.9357524,38.7735055,1
id_206,8.9856504,38.7677939,1
id_207,9.0246362,38.767755,1
id_208,9.0183881,38.7771612,1
id_209,9.0257771,38.7761581,1
id_210,9.0144323,38.7732505,1
id_211,8.9898311,38.7620432,1
id_212,8.9838441,38.7808021,1
id_213,8.9828763,38.7772809,1
id_214,8.9843143,38.7822204,1
id_215,8.9869682,38.7784675,1
id_216,8.9864581,38.7788892,1
id_217,8.9872496,38.7807166,1
id_218,8.9856149,38.7848677,1
id_219,8.9860156,38.7848867,1
id_220,8.9857313,38.7849398,1
id_221,8.9853713,38.7851873,1
id_222,8.9839489,38.7496345,1
id_223,8.9840389,38.7496497,1
id_224,8.9831839,38.7496221,1
id_225,8.9273352,38.76434,1
id_226,9.0609058,38.7358659,1
id_227,9.0008155,38.7524251,1
id_228,9.0006356,38.7461838,1
id_229,9.0132708,38.7303764,1
id_230,8.9479457,38.7344535,1
id_231,9.0298716,38.7533336,1
id_232,9.0326954,38.7545031,1
id_233,9.0329736,38.7500077,1
id_234,9.0323178,38.7842329,1
id_235,9.0248524,38.8191824,1
id_236,9.0322243,38.7837796,1
id_237,9.0325503,38.7543687,1
id_238,9.0155327,38.7846493,1
id_239,8.9926713,38.7589707,1
id_240,8.9952793,38.7594061,1
id_241,9.0004946,38.7197122,1
id_242,8.9971681,38.7772648,1
id_243,8.9965286,38.7853126,1
id_244,9.0036793,38.7853475,1
id_245,9.0448196,38.7423885,1
id_246,8.9861854,38.7680769,1
id_247,9.0129816,38.7379246,1
id_248,9.0341771,38.8505934,1
id_249,9.0160458,38.7466947,1
id_250,8.9291495,38.7676212,1
id_251,8.9939935,38.7900642,1
id_252,8.9972483,38.7771836,1
id_253,9.0069702,38.8023694,1
id_254,8.9901018,38.7845284,1
id_255,8.993746,38.7766824,1
id_256,8.993409,38.7768598,1
id_257,8.991369,38.779602,1
id_258,9.0079264,38.7466498,1
id_259,9.0062663,38.7448995,1
id_260,9.0050838,38.7184316,1
id_261,9.0221622,38.7518593,1
id_262,9.0153446,38.8120797,1
id_263,9.0146302,38.8120654,1
id_264,8.9744918,38.7311178,1
id_265,8.9990043,38.768568,1
id_266,9.0221215,38.7517769,1
id_267,8.9702534,38.7230185,1
id_268,8.9704129,38.7232641,1
id_269,9.0209717,38.8766523,1
id_270,9.0217854,38.8770157,1
id_271,9.0192267,38.8124185,1
id_272,9.0009318,38.8139801,1
id_273,9.0039237,38.8155561,1
id_274,9.0039613,38.8157576,1
id_275,9.0032668,38.8168128,1
id_276,9.0034203,38.8166487,1
id_277,8.9914061,38.7936505,1
id_278,9.0465197,38.7640569,1
id_279,8.9916629,38.7924291,1
id_280,8.9939295,38.7906688,1
id_281,9.0030575,38.8000366,1
id_282,8.9971232,38.7870634,1
id_283,8.9730095,38.7609763,1
id_284,8.9681769,38.7621981,1
id_285,9.0031166,38.8175104,1
id_286,9.0139186,38.7444023,1
id_287,9.0151703,38.8526797,1
id_288,9.0010318,38.8138998,1
id_289,8.9840561,38.7659642,1
id_290,9.0144589,38.7825213,1
id_291,9.0000257,38.8060175,1
id_292,9.0156828,38.7844988,1
id_293,9.0153633,38.7867827,1
id_294,9.0103571,38.7474016,1
id_295,9.0039079,38.8118089,1
id_296,9.0145798,38.7832379,1
id_297,9.034223,38.7599292,1
id_298,9.0477677,38.7613672,1
id_299,9.0442226,38.7603182,1
id_300,8.9501886,38.7196313,1
id_301,8.947612,38.7341703,1
id_302,9.027713,38.7417199,1
id_303,9.0275916,38.7415873,1
id_304,8.95,38.7190947,1
id_305,9.0674119,38.6641138,1
id_306,9.0213205,38.7992377,1
id_307,9.0300867,38.7541789,1
id_308,8.9910978,38.7075414,1
id_309,8.9377524,38.7620391,1
id_310,8.900826,38.767071,1
id_311,9.0125506,38.6924127,1
id_312,8.9865409,38.7579672,1
id_313,8.9610241,38.7149395,1
id_314,9.0138372,38.7491939,1
id_315,9.0108676,38.7473352,1
id_316,9.00784,38.7468322,1
id_317,9.011054,38.7409072,1
id_318,9.011054,38.740554,1
id_319,9.0574862,38.7371412,1
id_320,9.0065298,38.7845901,1
id_321,8.9908609,38.7940723,1
id_322,8.9905158,38.7931395,1
id_323,9.0543771,38.7629502,1
id_324,9.0370732,38.7631213,1
id_325,9.0408267,38.7625848,1
id_326,9.0429829,38.7610506,1
id_327,9.0282507,38.7226843,1
id_328,9.0190748,38.7471835,1
id_329,9.0188364,38.7509413,1
id_330,9.0147927,38.7512873,1
id_331,9.0331311,38.7625586,1
id_332,9.0348942,38.7629205,1
id_333,9.0177194,38.7643189,1
id_334,9.0326961,38.875652,1
id_335,9.0231387,38.7498764,1
id_336,8.9862317,38.740965,1
id_337,9.021675,38.8056013,1
id_338,8.9599328,38.7672001,1
id_339,9.0215321,38.7893746,1
id_340,9.0325023,38.7746663,1
id_341,9.0204959,38.8568693,1
id_342,9.0067041,38.7631906,1
id_343,8.9954547,38.792973,1
id_344,9.0341255,38.7663687,1
id_345,9.0166579,38.8033721,1
id_346,8.8955987,38.7734695,1
id_347,8.988505,38.742515,1
id_348,9.0117998,38.7601936,1
id_349,9.0139112,38.7714154,1
id_350,9.024519,38.7572472,1
id_351,9.0316332,38.7849398,1
id_352,8.9601567,38.7138532,1
id_353,8.9944746,38.7850904,1
id_354,9.0172783,38.7129306,1
id_355,9.0297314,38.7126435,1
id_356,9.0086697,38.7449413,1
id_357,9.0336789,38.7261073,1
id_358,9.0340936,38.7279724,1
id_359,9.0313857,38.732155,1
id_360,9.031298,38.7323083,1
id_361,9.0279219,38.7329077,1
id_362,9.0279796,38.7328999,1
id_363,9.0280279,38.7328947,1
id_364,9.0278697,38.7329163,1
id_365,9.0085265,38.7447027,1
id_366,9.0089717,38.7444129,1
id_367,9.0079283,38.7465667,1
id_368,8.9819539,38.7495011,1
id_369,8.9840846,38.7496474,1
id_370,9.0222812,38.7867817,1
id_371,9.0209967,38.7719471,1
id_372,9.0204643,38.8003021,1
id_373,9.0202667,38.7993731,1
id_374,9.0202167,38.7995559,1
id_375,9.0200605,38.8010963,1
id_376,9.0201228,38.8009065,1
id_377,9.0201248,38.8011768,1
id_378,9.0186773,38.8003193,1
id_379,9.0190775,38.8010409,1
id_380,9.0201219,38.8010811,1
id_381,9.0211753,38.7919856,1
id_382,9.0230881,38.7805638,1
id_383,9.0302803,38.7510733,1
id_384,9.0298439,38.751102,1
id_385,9.0308584,38.7501701,1
id_386,9.0331647,38.7399919,1
id_387,9.0336145,38.7283506,1
id_388,9.0110222,38.7404027,1
id_389,8.9817007,38.7634406,1
id_390,8.9851663,38.7671828,1
id_391,9.0341061,38.7346232,1
id_392,9.0336804,38.7276845,1
id_393,9.0340372,38.7271568,1
id_394,8.9937063,38.7755397,1
id_395,8.9904104,38.7849186,1
id_396,8.993504,38.7741087,1
id_397,8.9922294,38.7738047,1
id_398,9.0377673,38.7555456,1
id_399,9.0341589,38.7601661,1
id_400,9.0320488,38.764854,1
id_401,9.0326619,38.7671603,1
id_402,9.0350731,38.7594526,1
id_403,9.0339879,38.7612431,1
id_404,9.0353858,38.7774577,1
id_405,9.0261984,38.7928876,1
id_406,9.0327407,38.7730635,1
id_407,9.0325594,38.775582,1
id_408,9.0219553,38.7998427,1
id_409,9.0163191,38.8118474,1
id_410,9.0281699,38.8329802,1
id_411,9.0164043,38.7464554,1
id_412,9.0337683,38.7318384,1
id_413,9.0596031,38.7368327,1
id_414,9.0596974,38.7364677,1
id_415,9.0180085,38.7954924,1
id_416,9.0165641,38.7659145,1
id_417,9.0166343,38.765627,1
id_418,9.0147086,38.7511381,1
id_419,9.0595216,38.7369408,1
id_420,9.0304707,38.7510217,1
id_421,9.0457024,38.7475536,1
id_422,9.0518871,38.7436108,1
id_423,9.0597317,38.7367105,1
id_424,9.0139177,38.7507671,1
id_425,8.982156,38.7498692,1
id_426,9.0200283,38.8098905,1
id_427,9.0181002,38.7958462,1
id_428,9.0216189,38.7893724,1
id_429,9.0323523,38.7528211,1
id_430,8.9795728,38.7632127,1
id_431,9.0286049,38.8774723,1
id_432,9.0255968,38.8772797,1
id_433,9.0022544,38.8428574,1
id_434,8.9408735,38.7709367,1
id_435,9.0331356,38.7243663,1
id_436,9.0347782,38.7627485,1
id_437,9.028496,38.7592951,1
id_438,9.0155926,38.7646043,1
id_439,9.0337976,38.7142788,1
id_440,9.0338171,38.7143011,1
id_441,9.0338445,38.714308,1
id_442,9.0338748,38.7143033,1
id_443,8.9838732,38.749609,1
id_444,9.0013048,38.8012923,1
id_445,9.0050057,38.7674379,1
id_446,9.0048748,38.7675268,1
id_447,9.0092692,38.7639578,1
id_448,9.0175559,38.7578638,1
id_449,8.8949573,38.7725039,1
id_450,9.0217505,38.7946568,1
id_451,9.0216777,38.7889408,1
id_452,8.9941403,38.7778101,1
id_453,9.0203681,38.8193956,1
id_454,9.0214651,38.8359612,1
id_455,8.9871132,38.7331387,1
id_456,9.0269506,38.7447389,1
id_457,8.960701,38.7640041,1
id_458,9.0007799,38.7420153,1
id_459,9.0125358,38.7481775,1
id_460,8.9882301,38.733464,1
id_461,9.0230433,38.7952874,1
id_462,9.0109284,38.8376651,1
id_463,9.0111737,38.8382201,1
id_464,9.0108915,38.8380608,1
id_465,9.024493,38.7631303,1
id_466,9.0322462,38.7541204,1
id_467,9.0215272,38.7509719,1
id_468,8.9950864,38.8087012,1
id_469,8.9999502,38.787812,1
id_470,9.019661,38.7960473,1
id_471,9.054941,38.742192,1
id_472,9.023323,38.7518487,1
id_473,8.9919207,38.829072,1
id_474,8.9916149,38.8291923,1
id_475,8.9919877,38.828876,1
id_476,9.0532031,38.7192885,1
id_477,9.0115966,38.7968508,1
id_478,9.0082302,38.7954645,1
id_479,9.0196368,38.7992522,1
id_480,8.9932,38.74373,1
id_481,8.9843673,38.8048683,1
id_482,8.9617773,38.7155592,1
id_483,8.9618716,38.7156003,1
id_484,8.9528422,38.7632096,1
id_485,9.0114014,38.8064061,1
id_486,9.0022989,38.8428169,1
id_487,8.9938561,38.7822433,1
id_488,9.0098675,38.7715235,1
id_489,9.0098668,38.771649,1
id_490,9.0099297,38.7722735,1
id_491,9.0095794,38.7727045,1
id_492,8.8836169,38.7766527,1
id_493,9.0143209,38.7821258,1
id_494,9.0144401,38.7825066,1
id_495,9.0146229,38.7835782,1
id_496,9.0148712,38.7839155,1
id_497,9.0148988,38.7839669,1
id_498,9.0150448,38.7849708,1
id_499,9.0151031,38.7852243,1
id_500,9.0158852,38.7900773,1
id_501,9.0163079,38.7905905,1
id_502,8.9007797,38.7677537,1
id_503,8.894838,38.7726426,1
id_504,9.0164072,38.7910596,1
id_505,9.016598,38.7918858,1
id_506,9.018149,38.7971778,1
id_507,9.019541,38.8138906,1
id_508,9.0194272,38.814411,1
id_509,9.0194272,38.8143734,1
id_510,9.0192956,38.8151287,1
id_511,9.0194478,38.8153097,1
id_512,9.0194754,38.8156553,1
id_513,9.0194562,38.815845,1
id_514,9.0194574,38.8159553,1
id_515,9.0194604,38.8162071,1
id_516,9.0186597,38.8215915,1
id_517,9.0184639,38.8218233,1
id_518,9.0184692,38.8218746,1
id_519,9.0211976,38.8378262,1
id_520,9.0211747,38.8378586,1
id_521,9.0211798,38.8380067,1
id_522,9.0211793,38.8380404,1
id_523,8.9961812,38.7878171,1
id_524,9.0168235,38.790742,1
id_525,8.9750872,38.673789,1
id_526,9.0211984,38.8383454,1
id_527,9.0212061,38.8384643,1
id_528,9.0168928,38.8071661,1
id_529,9.0310322,38.7389142,1
id_530,9.0212132,38.8396249,1
id_531,9.0212495,38.8396366,1
id_532,9.0212293,38.8396547,1
id_533,9.0211313,38.8422596,1
id_534,9.0203525,38.8536831,1
id_535,9.0150357,38.8526926,1
id_536,9.015215,38.8526867,1
id_537,9.0152459,38.8526814,1
id_538,9.0461948,38.7291544,1
id_539,9.0256485,38.8493099,1
id_540,8.9904673,38.7909391,1
id_541,8.996277,38.6819118,1
id_542,9.0664355,38.6934831,1
id_543,9.0657825,38.6941598,1
id_544,9.0299189,38.7530527,1
id_545,9.0212048,38.765345,1
id_546,9.0341894,38.7457592,1
id_547,9.0340671,38.7459359,1
id_548,9.0339316,38.7460311,1
id_549,9.0338331,38.7460975,1
id_550,9.0337491,38.746233,1
id_551,9.0325168,38.7469821,1
id_552,8.9969606,38.8320534,1
id_553,9.0280311,38.7795833,1
id_554,9.0122859,38.7961906,1
id_555,9.0280577,38.8760278,1
id_556,8.9659408,38.763137,1
id_557,8.9601998,38.7648842,1
id_558,8.9602285,38.7654729,1
id_559,8.9601995,38.7652043,1
id_560,8.9827682,38.7737225,1
id_561,8.9658189,38.7631477,1
id_562,8.8717542,38.8137255,1
id_563,9.0033072,38.7798309,1
id_564,9.0665955,38.6935125,1
id_565,8.9825541,38.6966554,1
id_566,9.0028894,38.6990122,1
id_567,9.0038716,38.740982,1
id_568,9.0153552,38.7821859,1
id_569,8.9861447,38.7680189,1
id_570,8.9960424,38.7855741,1
id_571,8.9960729,38.7856612,1
id_572,9.014707,38.7996027,1
id_573,8.9006672,38.7599557,1
id_574,8.9866518,38.7511877,1
id_575,9.0163486,38.7745911,1
id_576,8.843448,38.8037454,1
id_577,9.0440404,38.698253,1
id_578,9.0320195,38.8782239,1
id_579,9.004257,38.8172064,1
id_580,9.0294275,38.8781473,1
id_581,9.020657,38.8391263,1
id_582,8.989612,38.7852399,1
id_583,9.0214595,38.823615,1
id_584,9.0118099,38.734818,1
id_585,8.9958825,38.7856743,1
id_586,8.9965026,38.6833317,1
id_587,9.0002372,38.6785064,1
id_588,8.9824504,38.7338987,1
id_589,8.9802672,38.7347694,1
id_590,9.0202899,38.8107694,1
id_591,9.0008597,38.783077,1
id_592,9.0062675,38.8175813,1
id_593,9.0012499,38.7695298,1
id_594,9.0004496,38.7192406,1
id_595,8.9863955,38.724451,1
id_596,8.9930964,38.761019,1
id_597,9.0046553,38.7190045,1
id_598,8.9878164,38.7248516,1
id_599,8.9944441,38.7710145,1
id_600,8.9950329,38.77264,1
id_601,8.9923597,38.7602809,1
id_602,9.0057695,38.8077966,1
id_603,9.0054765,38.8100211,1
id_604,9.0085873,38.809009,1
id_605,8.989807,38.7970326,1
id_606,8.9918236,38.7253731,1
id_607,9.0188272,38.7694703,1
id_608,9.0465448,38.7517286,1
id_609,9.0248062,38.8779918,1
id_610,9.0224141,38.8768439,1
id_611,9.0210055,38.8746486,1
id_612,9.0209976,38.8745225,1
id_613,9.0209711,38.8734872,1
id_614,9.020926,38.872594,1
id_615,9.0209181,38.8724652,1
id_616,8.9939251,38.7901001,1
id_617,9.0165489,38.7379385,1
id_618,8.9962667,38.7868509,1
id_619,9.0646891,38.691921,1
id_620,8.9943895,38.7850143,1
id_621,9.00439,38.7686385,1
id_622,9.028383,38.7845148,1
id_623,9.0264234,38.7825255,1
id_624,9.0154144,38.7687432,1
id_625,8.9864531,38.7590509,1
id_626,9.0204766,38.7684654,1
id_627,9.0161568,38.7687978,1
id_628,9.0143497,38.7686028,1
id_629,9.0131926,38.7784448,1
id_630,8.96612,38.7630522,1
id_631,9.0391426,38.7516807,1
id_632,9.0033056,38.76894,1
id_633,9.0033951,38.7986049,1
id_634,8.8945232,38.7729828,1
id_635,8.9613739,38.7144192,1
id_636,8.961482,38.714885,1
id_637,9.0565533,38.7525414,1
id_638,8.8952765,38.7722342,1
id_639,8.8953577,38.7721369,1
id_640,9.0210575,38.7992882,1
id_641,8.9657915,38.7627232,1
id_642,8.9621465,38.7554993,1
id_643,9.0043059,38.6724507,1
id_644,8.9944565,38.7214394,1
id_645,9.042156,38.7150942,1
id_646,9.0419923,38.7151858,1
id_647,9.0085056,38.8026943,1
id_648,9.0111638,38.8172242,1
id_649,9.0411889,38.7151163,1
id_650,9.0400566,38.7157963,1
id_651,8.9578863,38.6712731,1
id_652,8.9579238,38.6711752,1
id_653,9.0072841,38.7762744,1
id_654,9.0124628,38.7532669,1
id_655,9.0028017,38.781404,1
id_656,9.0072653,38.7763323,1
id_657,8.9932444,38.7892174,1
id_658,9.0062358,38.8235311,1
id_659,9.0131019,38.7783349,1
id_660,9.0163545,38.824679,1
id_661,9.010203,38.8511424,1
id_662,9.0228642,38.7813609,1
id_663,9.0154281,38.7847535,1
id_664,9.0201905,38.7998101,1
id_665,8.9981292,38.7860516,1
id_666,9.0256439,38.738737,1
id_667,8.9940023,38.8274717,1
id_668,9.0121904,38.7549593,1
id_669,9.0115836,38.7551065,1
id_670,8.9622967,38.7552392,1
id_671,9.0512645,38.7555888,1
id_672,9.0416041,38.7540417,1
id_673,9.0240194,38.7554417,1
id_674,9.0259972,38.8502617,1
id_675,8.9997472,38.8337452,1
id_676,8.9621075,38.7637643,1
id_677,8.962032,38.7637661,1
id_678,8.9856977,38.7676876,1
id_679,8.9954141,38.7884146,1
id_680,9.0539312,38.6992055,1
id_681,8.9407335,38.770808,1
id_682,8.949614,38.7444147,1
id_683,8.9963352,38.7861458,1
id_684,9.0244967,38.7763812,1
id_685,9.0204766,38.8005279,1
id_686,9.0133859,38.7695805,1
id_687,8.9985493,38.7864711,1
id_688,8.99335,38.791282,1
id_689,8.9909256,38.7401499,1
id_690,8.9577196,38.7640724,1
id_691,8.9832532,38.7605225,1
id_692,8.9010442,38.7671349,1
id_693,8.8965393,38.7710111,1
id_694,8.9913706,38.7258131,1
id_695,9.052609,38.7363164,1
id_696,9.0191819,38.8011422,1
id_697,9.0652537,38.7718365,1
id_698,9.0115917,38.7519656,1
id_699,8.9679511,38.7210431,1
id_700,9.0123501,38.7532764,1
id_701,9.0277121,38.7512707,1
id_702,9.0191761,38.8121248,1
id_703,9.0191113,38.8224856,1
id_704,8.9441274,38.7376646,1
id_705,9.0056153,38.8084337,1
id_706,9.019603,38.7499016,1
id_707,8.8723956,38.8149452,1
id_708,8.987672,38.7623267,1
id_709,8.921332,38.7633513,1
id_710,8.862384,38.8003148,1
id_711,8.9141279,38.7623868,1
id_712,8.8987356,38.7686023,1
id_713,8.8621729,38.8003546,1
id_714,8.9730872,38.7609686,1
id_715,8.9994662,38.7713651,1
id_716,9.0324413,38.7662521,1
id_717,9.0084071,38.7694886,1
id_718,8.9840961,38.6962283,1
id_719,9.0037724,38.6945699,1
id_720,9.0038661,38.6939454,1
id_721,9.0035862,38.6949888,1
id_722,9.0040577,38.6972784,1
id_723,9.0044534,38.6830688,1
id_724,9.003929,38.6919042,1
id_725,9.0039374,38.6921133,1
id_726,8.9916509,38.7827756,1
id_727,9.0146819,38.764534,1
id_728,9.0481896,38.7411955,1
id_729,9.0223705,38.7944683,1
id_730,9.0103892,38.8512519,1
id_731,9.0004442,38.7864055,1
id_732,8.9824148,38.7337771,1
id_733,9.0370216,38.7485458,1
id_734,8.9958884,38.7854646,1
id_735,9.0099708,38.8559026,1
id_736,9.0462444,38.7327077,1
id_737,9.0460815,38.7426628,1
id_738,9.0485472,38.7379256,1
id_739,9.0193587,38.7998238,1
id_740,8.9661967,38.7484842,1
id_741,8.9376925,38.736151,1
id_742,8.9829657,38.7496362,1
id_743,8.939189,38.7483592,1
id_744,9.0134475,38.7485653,1
id_745,9.0062072,38.7678351,1
id_746,8.9995077,38.7402368,1
id_747,9.0117224,38.7693209,1
id_748,9.0679522,38.734587,1
id_749,9.0438621,38.6990721,1
id_750,9.0437984,38.6990682,1
id_751,9.0332221,38.8439392,1
id_752,9.0550229,38.693924,1
id_753,8.9334247,38.6638719,1
id_754,8.9796677,38.684837,1
id_755,9.0116703,38.8342787,1
id_756,9.016498,38.8247829,1
id_757,8.9900685,38.7248583,1
id_758,9.0234942,38.826356,1
id_759,9.0004208,38.7864413,1
id_760,8.9460868,38.7462658,1
id_761,8.9468362,38.7466281,1
id_762,8.9975375,38.7588998,1
id_763,9.0650559,38.8697264,1
id_764,8.9870969,38.7784027,1
id_765,9.0173028,38.7754547,1
id_766,9.0153724,38.8096044,1
id_767,8.9867359,38.7785217,1
id_768,8.9936149,38.7909858,1
id_769,9.0205493,38.7351991,1
id_770,8.9865617,38.7688163,1
id_771,9.0179602,38.7381661,1
id_772,9.0194617,38.8228817,1
id_773,8.9656408,38.8729694,1
id_774,9.0058444,38.7449258,1
id_775,9.0587341,38.7523739,1
id_776,8.9669032,38.7247797,1
id_777,9.010934,38.7585738,1
id_778,9.0217328,38.7502018,1
id_779,8.8848884,38.809952,1
id_780,8.9883079,38.7916776,1
id_781,9.0059916,38.8076357,1
id_782,9.0164324,38.8270393,1
id_783,9.0046878,38.7950656,1
id_784,8.9969355,38.7872103,1
id_785,9.0110041,38.7981625,1
id_786,8.9932131,38.7908773,1
id_787,8.994552,38.8106734,1
id_788,9.0218339,38.8820179,1
id_789,9.0121026,38.8565829,1
id_790,8.8522736,38.8059861,1
id_791,9.0207925,38.7939165,1
id_792,9.0092594,38.7757804,1
id_793,9.0024304,38.6985781,1
id_794,8.9206809,38.7691602,1
id_795,8.988807,38.7381835,1
id_796,8.9861319,38.7689967,1
id_797,9.0087516,38.8066261,1
id_798,9.0090591,38.820138,1
id_799,9.0109074,38.76925,1
id_800,8.9481416,38.7846886,1
id_801,9.0482953,38.7371271,1
id_802,8.9873171,38.7363831,1
id_803,9.0061424,38.8059966,1
id_804,8.9973998,38.7650684,1
id_805,8.9959785,38.7665252,1
id_806,8.9487561,38.7810232,1
id_807,8.9533774,38.7829753,1
id_808,9.0079575,38.8035615,1
id_809,9.0571843,38.7771425,1
id_810,9.0569724,38.7757706,1
id_811,8.9811806,38.7623185,1
id_812,8.9863733,38.7238702,1
id_813,9.0110012,38.7470619,1
id_814,9.0057407,38.7896485,1
id_815,9.0024888,38.7422894,1
id_816,9.0198522,38.6945685,1
id_817,9.0682924,38.7562002,1
id_818,9.0684268,38.7575029,1
id_819,9.0109315,38.795006,1
id_820,9.0479234,38.7414465,1
id_821,9.0142654,38.7683625,1
id_822,9.0286977,38.7548402,1
id_823,9.023198,38.7911954,1
id_824,9.0163312,38.8142297,1
id_825,9.0238095,38.7549086,1
id_826,8.9210151,38.7631571,1
id_827,8.9147502,38.7620981,1
id_828,8.8871766,38.7759945,1
id_829,9.0686945,38.666376,1
id_830,9.0018598,38.7827845,1
id_831,9.001641,38.7820338,1
id_832,9.0372017,38.7218682,1
id_833,8.9930894,38.7847324,1
id_834,8.8842871,38.8092143,1
id_835,9.0011567,38.7824294,1
id_836,9.0115733,38.7545822,1
id_837,9.0122907,38.8215291,1
id_838,9.0589377,38.7126719,1
id_839,9.0169062,38.8007836,1
id_840,9.0315496,38.7708208,1
id_841,8.893329,38.804293,1
id_842,9.0718736,38.7641965,1
id_843,8.9037605,38.7679453,1
id_844,9.0209748,38.7856805,1
id_845,8.8470814,38.8040572,1
id_846,9.0679684,38.6911651,1
id_847,9.0023674,38.808003,1
id_848,9.0313384,38.7613542,1
id_849,8.9928038,38.7849693,1
id_850,8.9041199,38.8257894,1
id_851,9.0132366,38.8102469,1
id_852,8.9968587,38.7850921,1
id_853,9.0348848,38.7684268,1
id_854,8.9990444,38.7723872,1
id_855,8.9469396,38.744406,1
id_856,9.0162603,38.7684242,1
id_857,9.0118658,38.7693141,1
id_858,8.9837213,38.7691547,1
id_859,9.02933,38.7367334,1
id_860,8.9922758,38.7809537,1
id_861,8.9922626,38.7810932,1
id_862,8.9863322,38.7791473,1
id_863,9.0028038,38.7885404,1
id_864,9.0186719,38.7788388,1
id_865,9.0189759,38.7776899,1
id_866,8.9975445,38.7863941,1
id_867,9.0571196,38.7758313,1
id_868,9.0558375,38.7743544,1
id_869,9.0645584,38.7713433,1
id_870,9.0567003,38.7773857,1
id_871,9.05672,38.7773287,1
id_872,9.0567383,38.7772671,1
id_873,9.0567429,38.7772933,1
id_874,9.0534771,38.7630414,1
id_875,9.0446115,38.7630173,1
id_876,8.9784115,38.7597438,1
id_877,8.9916098,38.7383206,1
id_878,8.9819457,38.6911212,1
id_879,8.9899372,38.8102231,1
id_880,8.9488586,38.7291282,1
id_881,8.9550479,38.7271699,1
id_882,8.9923193,38.7507575,1
id_883,8.9409951,38.7268539,1
id_884,8.9444845,38.7250575,1
id_885,8.9521891,38.722434,1
id_886,8.9961357,38.7436355,1
id_887,8.9985072,38.7363673,1
id_888,9.0208227,38.6733195,1
id_889,9.0140362,38.6842728,1
id_890,8.9412551,38.7146644,1
id_891,8.901601,38.6624999,1
id_892,8.9170961,38.6524859,1
id_893,8.9040612,38.6740238,1
id_894,8.9200292,38.6838278,1
id_895,8.851059,38.7901396,1
id_896,8.8433987,38.776157,1
id_897,8.875943,38.7171712,1
id_898,8.9090984,38.6547995,1
id_899,8.9003425,38.763583,1
id_900,8.9440105,38.7342764,1
id_901,9.0213941,38.8366852,1
id_902,8.8669491,38.8249687,1
id_903,8.9575237,38.807179,1
id_904,8.948031,38.8887044,1
id_905,8.9398797,38.8983029,1
id_906,8.8603357,38.8248884,1
id_907,8.8988587,38.8139972,1
id_908,8.907896,38.8468887,1
id_909,8.9131964,38.882108,1
id_910,8.9481214,38.9079313,1
id_911,8.8699992,38.82007,1
id_912,8.9987742,38.751036,1
id_913,8.9260423,38.8484497,1
id_914,8.8937161,38.8495462,1
id_915,8.9406668,38.8528654,1
id_916,8.9435037,38.8330664,1
id_917,8.9318853,38.8793224,1
id_918,8.9433576,38.8703339,1
id_919,9.0304346,38.7797627,1
id_920,9.0150551,38.7999365,1
id_921,9.0116394,38.7976192,1
id_922,9.0120839,38.7718524,1
id_923,9.01603,38.7720422,1
id_924,9.0193219,38.7708872,1
id_925,8.9753079,38.6861171,1
id_926,8.9597345,38.714993,1
id_927,8.9680337,38.6997357,1
id_928,8.9702458,38.6923694,1
id_929,8.982947,38.6846985,1
id_930,8.9858466,38.6898626,1
id_931,8.9827165,38.692577,1
id_932,8.9807155,38.6942212,1
id_933,8.9309341,38.6845995,1
id_934,8.9282693,38.6737318,1
id_935,8.9348541,38.6633984,1
id_936,8.9298202,38.6612769,1
id_937,8.9505689,38.6669039,1
id_938,8.8828573,38.6868188,1
id_939,8.921119,38.661999,1
id_940,8.9415039,38.6474903,1
id_941,8.9347468,38.6540333,1
id_942,8.9603767,38.6454714,1
id_943,9.0018411,38.8077713,1
id_944,9.0068625,38.8139019,1
id_945,9.0009607,38.6886385,1
id_946,8.9967556,38.7948355,1
id_947,9.003091,38.8110996,1
id_948,8.9887922,38.7887584,1
id_949,9.0165573,38.6891584,1
id_950,9.0045045,38.6854638,1
id_951,8.9882642,38.779927,1
id_952,8.9924396,38.7887171,1
id_953,8.9933102,38.8089642,1
id_954,8.997767,38.8054462,1
id_955,9.0235662,38.685601,1
id_956,9.0069821,38.6897523,1
id_957,8.9945765,38.7905819,1
id_958,9.0001269,38.8152227,1
id_959,8.9917452,38.7959711,1
id_960,9.0191362,38.694271,1
id_961,9.0036579,38.6801385,1
id_962,9.0130396,38.8207171,1
id_963,9.0032748,38.674133,1
id_964,8.9944561,38.6672876,1
id_965,9.0649062,38.7901377,1
id_966,9.0008856,38.7414912,1
id_967,9.0045312,38.7528758,1
id_968,8.9955157,38.7668836,1
id_969,8.9958857,38.7669358,1
id_970,8.9996388,38.7674062,1
id_971,9.0046117,38.752709,1
id_972,9.0155559,38.7895386,1
id_973,9.0271897,38.7840027,1
id_974,9.0091707,38.7875,1
id_975,9.0351191,38.8515186,1
id_976,9.013994,38.8524655,1
id_977,9.0123001,38.8641095,1
id_978,8.9924284,38.7887069,1
id_979,8.9822622,38.7332178,1
id_980,8.999534,38.747115,1
id_981,8.9696875,38.7229464,1
id_982,8.9966622,38.847466,1
id_983,8.9767828,38.7317577,1
id_984,9.0178353,38.7740593,1
id_985,9.0230078,38.7800301,1
id_986,9.0077657,38.7337249,1
id_987,9.0189283,38.7681173,1
id_988,9.005895,38.7403002,1
id_989,9.0040749,38.7359169,1
id_990,9.0173614,38.7818125,1
id_991,9.0214984,38.7717746,1
id_992,9.0266789,38.7785395,1
id_993,9.0202997,38.7763009,1
id_994,8.9531269,38.6962219,1
id_995,8.9622534,38.716283,1
id_996,8.9620017,38.7160094,1
id_997,8.9609361,38.7152168,1
id_998,8.9611378,38.7152155,1
id_999,8.9608949,38.714437,1
id_1000,8.9583653,38.7123214,1
id_1001,8.9587587,38.7117876,1
id_1002,8.947991,38.7180211,1
id_1003,8.9482832,38.7445622,1
id_1004,8.9471233,38.7432352,1
id_1005,8.9470783,38.7427296,1
id_1006,8.9467007,38.7384675,1
id_1007,8.9407484,38.7347607,1
id_1008,8.931417,38.7336188,1
id_1009,9.0121168,38.746419,1
id_1010,9.0148136,38.7526417,1
id_1011,9.0222607,38.7518739,1
id_1012,9.032652,38.7524767,1
id_1013,9.0327792,38.7526061,1
id_1014,9.0316309,38.7515145,1
id_1015,9.0308898,38.7515634,1
id_1016,9.029758,38.7516278,1
id_1017,9.0301825,38.7510833,1
id_1018,9.0299951,38.751086,1
id_1019,9.0332076,38.7623915,1
id_1020,9.0234627,38.7517861,1
id_1021,9.039025,38.7627774,1
id_1022,9.038931,38.7628015,1
id_1023,9.0397862,38.761961,1
id_1024,9.0447479,38.7562489,1
id_1025,9.0425047,38.765287,1
id_1026,9.0421325,38.7659528,1
id_1027,9.0421782,38.7658603,1
id_1028,8.9603908,38.7665744,1
id_1029,8.9600749,38.7659327,1
id_1030,8.9602517,38.7657624,1
id_1031,8.9601961,38.7653325,1
id_1032,9.0236124,38.7436107,1
id_1033,9.0252349,38.7390362,1
id_1034,9.025276,38.7391019,1
id_1035,9.0269965,38.7398905,1
id_1036,9.0270316,38.7399461,1
id_1037,9.027068,38.7399991,1
id_1038,8.9235731,38.7346186,1
id_1039,8.8803294,38.7683809,1
id_1040,8.8810569,38.7703899,1
id_1041,8.8810092,38.7703255,1
id_1042,8.8813351,38.7695959,1
id_1043,8.97694,38.7174101,1
id_1044,9.0459885,38.8027027,1
id_1045,9.0355399,38.8544329,1
id_1046,9.0553121,38.7961048,1
id_1047,8.9887622,38.7331191,1
id_1048,8.9764705,38.6766818,1
id_1049,9.0223864,38.8480114,1
id_1050,9.0295132,38.8054558,1
id_1051,8.976798,38.8927843,1
id_1052,9.0106561,38.8469738,1
id_1053,9.0182803,38.8394274,1
id_1054,9.0248132,38.795093,1
id_1055,9.0168146,38.7018677,1
id_1056,9.0396987,38.7640922,1
id_1057,9.0068125,38.843069,1
id_1058,8.9567829,38.8243409,1
id_1059,8.9812612,38.6556344,1
id_1060,8.9470384,38.6793305,1
id_1061,8.9916677,38.7285196,1
id_1062,9.0020159,38.7059199,1
id_1063,8.9728255,38.6588823,1
id_1064,9.0296942,38.8543698,1
id_1065,8.9890067,38.8158687,1
id_1066,8.9799342,38.8416247,1
id_1067,8.9995393,38.8357552,1
id_1068,8.9914388,38.8603995,1
id_1069,8.870022,38.8200715,1
id_1070,8.9334197,38.8319569,1
id_1071,9.005863,38.7114108,1
id_1072,9.0073682,38.7067026,1
id_1073,8.9864769,38.6970151,1
id_1074,8.9971326,38.704652,1
id_1075,8.9927629,38.7063138,1
id_1076,8.9936142,38.7087279,1
id_1077,9.0100894,38.695782,1
id_1078,9.032316,38.8667493,1
id_1079,9.0132117,38.7783592,1
id_1080,9.0213569,38.8262879,1
id_1081,9.017032,38.8067489,1
id_1082,8.9724039,38.8548494,1
id_1083,8.9938554,38.7539641,1
id_1084,9.0238595,38.775779,1
id_1085,9.0093899,38.8399626,1
id_1086,9.0590866,38.780279,1
id_1087,9.0177543,38.8812357,1
id_1088,9.0155671,38.7895395,1
id_1089,9.0382091,38.7767403,1
id_1090,9.0460566,38.8577438,1
id_1091,9.0721671,38.8994895,1
id_1092,9.0297195,38.7709557,1
id_1093,9.0116714,38.7911915,1
id_1094,8.9974611,38.8214483,1
id_1095,8.9796893,38.7227088,1
id_1096,8.9764796,38.6468847,1
id_1097,8.941249,38.7146527,1
id_1098,9.0091934,38.7874956,1
id_1099,9.0235384,38.8119704,1
id_1100,9.065963,38.8707505,1
id_1101,9.0080877,38.7802844,1
id_1102,8.9653744,38.7191349,1
id_1103,9.0032364,38.8294935,1
id_1104,9.0025315,38.8577723,1
id_1105,8.9435118,38.8330571,1
id_1106,9.0000253,38.7100585,1
id_1107,8.9925224,38.7006508,1
id_1108,8.9548071,38.8551834,1
id_1109,8.9686914,38.6853313,1
id_1110,8.9897367,38.685902,1
id_1111,9.0506004,38.7778299,1
id_1112,9.0543057,38.7784509,1
id_1113,8.9643797,38.8392505,1
id_1114,8.9894927,38.8225599,1
id_1115,8.995177,38.826533,1
id_1116,9.0073237,38.8354477,1
id_1117,9.0026991,38.8488386,1
id_1118,8.9966638,38.8474792,1
id_1119,9.0007173,38.7194597,1
id_1120,9.0447909,38.7846108,1
id_1121,9.0341721,38.7890001,1
id_1122,8.8994491,38.8291221,1
id_1123,8.9270105,38.7120197,1
id_1124,9.0394196,38.8748523,1
id_1125,8.9950751,38.6760307,1
id_1126,9.0050432,38.7901024,1
id_1127,8.9910723,38.7256514,1
id_1128,8.9889881,38.837106,1
id_1129,9.0029285,38.7217515,1
id_1130,8.9940436,38.8292149,1
id_1131,9.0358041,38.7797869,1
id_1132,9.0220554,38.8743396,1
id_1133,9.0462505,38.762254,1
id_1134,9.0017349,38.8663326,1
id_1135,9.0033687,38.7310552,1
id_1136,9.0060609,38.7163772,1
id_1137,8.9852856,38.7083203,1
id_1138,9.0007328,38.7005221,1
id_1139,8.9862037,38.7506167,1
id_1140,9.0562252,38.8927571,1
id_1141,8.9558835,38.7121681,1
id_1142,8.9723994,38.8548587,1
id_1143,8.9833208,38.9037457,1
id_1144,8.8920326,38.6832131,1
id_1145,8.9974636,38.8889416,1
id_1146,8.9836809,38.8602551,1
id_1147,9.010647,38.8469648,1
id_1148,8.9643829,38.8392608,1
id_1149,8.9607294,38.67268,1
id_1150,8.949899,38.7189045,1
id_1151,8.8930597,38.8404516,1
id_1152,8.9547972,38.8551813,1
id_1153,8.9567792,38.8243509,1
id_1154,9.0263245,38.8275515,1
id_1155,9.0327848,38.8351181,1
id_1156,9.0036546,38.6801242,1
id_1157,8.9414859,38.6474992,1
id_1158,8.9847588,38.8790699,1
id_1159,8.9799389,38.8416366,1
id_1160,9.0679848,38.8876088,1
id_1161,9.0371554,38.9053886,1
id_1162,9.0333522,38.8796734,1
id_1163,9.0061222,38.7267072,1
id_1164,9.0677235,38.9060288,1
id_1165,8.9700987,38.9039819,1
id_1166,9.0449106,38.8806806,1
id_1167,9.0131021,38.8720709,1
id_1168,9.0090747,38.6802263,1
id_1169,9.0118453,38.7203734,1
id_1170,9.0018461,38.7492772,1
id_1171,9.0088529,38.7443294,1
id_1172,9.0173513,38.7818056,1
id_1173,8.9916582,38.7285314,1
id_1174,8.9146357,38.6955203,1
id_1175,8.9709582,38.8733312,1
id_1176,9.0202609,38.7763058,1
id_1177,8.9910875,38.7347827,1
id_1178,8.9853803,38.7395788,1
id_1179,8.9603872,38.6454708,1
id_1180,8.9461983,38.6972574,1
id_1181,8.9297973,38.6612624,1
id_1182,8.899424,38.8291153,1
id_1183,8.9260273,38.8484505,1
id_1184,9.0558882,38.7760336,1
id_1185,9.0405629,38.7835889,1
id_1186,9.046355,38.8743705,1
id_1187,8.9796341,38.7067523,1
id_1188,8.9659455,38.712865,1
id_1189,9.002561,38.7985378,1
id_1190,9.0344589,38.775735,1
id_1191,8.9866069,38.7286877,1
id_1192,8.9987358,38.7899491,1
id_1193,9.0499193,38.7843555,1
id_1194,9.046683,38.7705471,1
id_1195,8.9702326,38.6923704,1
id_1196,9.0377851,38.7688328,1
id_1197,8.9980971,38.7790428,1
id_1198,9.0278125,38.7752193,1
id_1199,8.9945621,38.6919139,1
id_1200,8.9406538,38.8528675,1
id_1201,8.9848855,38.775586,1
id_1202,9.0540808,38.7855199,1
id_1203,9.0219769,38.7999779,1
id_1204,8.9135602,38.8273712,1
id_1205,9.0040818,38.7359095,1
id_1206,8.837665,38.8297337,1
id_1207,9.0186852,38.7462553,1
id_1208,9.0193315,38.7708782,1
id_1209,9.0073583,38.7067009,1
id_1210,9.0092184,38.85833,1
id_1211,9.0180403,38.8332346,1
id_1212,8.968682,38.6853222,1
id_1213,8.9858568,38.6898684,1
id_1214,9.033687,38.7682874,1
id_1215,9.0305011,38.8000682,1
id_1216,9.0282765,38.7910626,1
id_1217,9.0294002,38.7867735,1
id_1218,9.0025352,38.8577612,1
id_1219,9.0195337,38.8131366,1
id_1220,9.0385435,38.78713,1
id_1221,9.0307129,38.7631933,1
id_1222,9.0280744,38.8480618,1
id_1223,9.0476957,38.846081,1
id_1224,9.0143085,38.8496351,1
id_1225,8.9597239,38.7150003,1
id_1226,8.9280372,38.7369239,1
id_1227,8.9956084,38.7391871,1
id_1228,8.9806942,38.6942121,1
id_1229,9.0254948,38.7861048,1
id_1230,9.0058888,38.7402922,1
id_1231,9.0596969,38.881558,1
id_1232,9.0170705,38.8954076,1
id_1233,8.9917827,38.7832286,1
id_1234,9.0506112,38.7778313,1
id_1235,9.0598013,38.7737742,1
id_1236,8.9895014,38.822565,1
id_1237,8.9334241,38.8319468,1
id_1238,8.9971418,38.7046546,1
id_1239,9.0064346,38.6950477,1
id_1240,9.0469887,38.8663766,1
id_1241,8.9864276,38.6755373,1
id_1242,8.9957052,38.7861061,1
id_1243,9.0155113,38.70632,1
id_1244,9.0214634,38.8333721,1
id_1245,8.9090901,38.6547918,1
id_1246,9.0183337,38.7962031,1
id_1247,8.9917342,38.7959479,1
id_1248,9.0036192,38.7837617,1
id_1249,9.051071,38.7734359,1
id_1250,8.9623658,38.6865857,1
id_1251,8.9878497,38.7227814,1
id_1252,8.9864859,38.6970243,1
id_1253,9.0053344,38.7459918,1
id_1254,9.0068532,38.8139115,1
id_1255,9.0320148,38.7647519,1
id_1256,9.0448427,38.8359532,1
id_1257,9.0792973,38.8896951,1
id_1258,9.0247272,38.8238066,1
id_1259,8.9380543,38.7587508,1
id_1260,9.0067104,38.7989575,1
id_1261,8.9505569,38.6669085,1
id_1262,9.031164,38.7765127,1
id_1263,9.0433405,38.7791667,1
id_1264,9.03695,38.766027,1
id_1265,8.9766647,38.767493,1
id_1266,9.0008737,38.7415003,1
id_1267,9.0502757,38.7584251,1
id_1268,9.0120662,38.771849,1
id_1269,9.004703,38.752737,1
id_1270,9.0206236,38.7889938,1
id_1271,9.0357671,38.7797874,1
id_1272,9.0422358,38.7745799,1
id_1273,9.0228075,38.8026616,1
id_1274,9.0229802,38.8536952,1
id_1275,9.0407174,38.8442964,1
id_1276,8.9938867,38.8127991,1
id_1277,9.0278021,38.8324052,1
id_1278,9.0143303,38.8357795,1
id_1279,9.0318027,38.8208286,1
id_1280,8.9977532,38.8054465,1
id_1281,9.0318063,38.8424016,1
id_1282,8.9916957,38.7826797,1
id_1283,8.9958162,38.7842712,1
id_1284,8.9959073,38.7843462,1
id_1285,8.995916,38.7843552,1
id_1286,9.0137605,38.8569178,1
id_1287,9.0134864,38.7442318,1
id_1288,9.0415248,38.8610975,1
id_1289,8.9909741,38.6917365,1
id_1290,9.022268,38.8642799,1
id_1291,9.003945,38.8195777,1
id_1292,9.006963,38.6897553,1
id_1293,8.972209,38.7132208,1
id_1294,8.9757161,38.7716131,1
id_1295,9.0019684,38.778378,1
id_1296,8.9791854,38.7384891,1
id_1297,8.9823721,38.7267645,1
id_1298,8.9742655,38.724691,1
id_1299,9.0721873,38.8994632,1
id_1300,9.0203459,38.8011657,1
id_1301,9.0000594,38.7844714,1
id_1302,9.0131987,38.7783653,1
id_1303,9.0168063,38.7018557,1
id_1304,9.0180949,38.8442404,1
id_1305,9.0152545,38.7836293,1
id_1306,9.0073275,38.8354299,1
id_1307,9.0269188,38.7625583,1
id_1308,9.0072504,38.7029239,1
id_1309,8.9752974,38.686144,1
id_1310,8.9950078,38.717784,1
id_1311,8.9990634,38.695584,1
id_1312,8.9832142,38.7031418,1
id_1313,8.9826917,38.6925776,1
id_1314,9.0354279,38.7728774,1
id_1315,8.9825903,38.7360228,1
id_1316,8.9834438,38.7153146,1
id_1317,8.9348628,38.6633801,1
id_1318,9.0570017,38.87294,1
id_1319,8.9925215,38.7006748,1
id_1320,9.0209293,38.7135564,1
id_1321,8.9998244,38.7792959,1
id_1322,8.9649042,38.7326522,1
id_1323,8.9524851,38.7607226,1
id_1324,8.9760081,38.7482906,1
id_1325,8.9282296,38.7415907,1
id_1326,8.9330599,38.7432577,1
id_1327,8.9421114,38.7529735,1
id_1328,8.9304392,38.7428186,1
id_1329,8.952395,38.7616611,1
id_1330,8.931587,38.7427947,1
id_1331,8.9395124,38.7487678,1
id_1332,8.9326101,38.7437388,1
id_1333,8.9319902,38.7429049,1
id_1334,8.9330864,38.7435408,1
id_1335,8.9318489,38.7428568,1
id_1336,8.930315,38.7427664,1
id_1337,8.9610396,38.7633929,1
id_1338,8.9524671,38.7618118,1
id_1339,8.9871398,38.7927636,1
id_1340,8.986212,38.7941256,1
id_1341,9.0139355,38.7491431,1
id_1342,9.0218309,38.841911,1
id_1343,9.0053251,38.8090552,1
id_1344,8.9948747,38.8124871,1
id_1345,9.0207622,38.822718,1
id_1346,9.0204987,38.822744,1
id_1347,9.062672,38.8734483,1
id_1348,8.9952922,38.7370337,1
id_1349,8.9817372,38.774393,1
id_1350,9.0027534,38.7157361,1
id_1351,8.9839209,38.7817532,1
id_1352,8.999609,38.7842222,1
id_1353,8.9944591,38.7852916,1
id_1354,8.995095,38.7851634,1
id_1355,9.0003432,38.7837102,1
id_1356,8.9842391,38.7744698,1
id_1357,9.0011726,38.7822811,1
id_1358,9.0020127,38.7820408,1
id_1359,9.0003937,38.7836201,1
id_1360,8.99942,38.7850437,1
id_1361,8.9957241,38.7883433,1
id_1362,8.9811608,38.7747488,1
id_1363,9.0005987,38.7834615,1
id_1364,8.9826394,38.7735729,1
id_1365,8.9965601,38.7874804,1
id_1366,8.9846345,38.774797,1
id_1367,8.9832153,38.7728548,1
id_1368,8.996071,38.7877739,1
id_1369,9.0014019,38.7820045,1
id_1370,8.9837171,38.7727168,1
id_1371,8.9839062,38.7743449,1
id_1372,8.996002,38.7855993,1
id_1373,9.0015253,38.7662993,1
id_1374,8.9986775,38.7853895,1
id_1375,8.996176,38.7856941,1
id_1376,8.982007,38.7151543,1
id_1377,8.990057,38.8125649,1
id_1378,9.0416202,38.8470567,1
id_1379,9.0592396,38.7098562,1
id_1380,8.9877683,38.7845593,1
id_1381,9.0072229,38.7701391,1
id_1382,9.0071588,38.7701738,1
id_1383,8.9488469,38.7285984,1
id_1384,9.0621307,38.7224332,1
id_1385,9.0584781,38.7118801,1
id_1386,8.9995729,38.7885406,1
id_1387,9.0190983,38.809959,1
id_1388,9.0575904,38.7133115,1
id_1389,9.0099188,38.7885601,1
id_1390,9.0100808,38.7885562,1
id_1391,9.016234,38.7906007,1
id_1392,8.9918507,38.7716759,1
id_1393,8.9959185,38.7879957,1
id_1394,8.9873587,38.7630488,1
id_1395,9.0369414,38.8789728,1
id_1396,8.9849079,38.7418516,1
id_1397,8.9850754,38.7405365,1
id_1398,9.0479759,38.7412787,1
id_1399,8.8949282,38.7735722,1
id_1400,9.0328767,38.7803847,1
id_1401,9.0162746,38.791064,1
id_1402,9.0161637,38.7931796,1
id_1403,8.995114,38.7904236,1
id_1404,9.0495006,38.7251319,1
id_1405,9.0546447,38.7181504,1
id_1406,9.0532938,38.7197313,1
id_1407,8.9463647,38.7387493,1
id_1408,9.0499663,38.7246139,1
id_1409,9.0480471,38.7212162,1
id_1410,8.9821528,38.7743881,1
id_1411,9.071303,38.6886824,1
id_1412,9.0653785,38.6922865,1
id_1413,8.986262,38.7246126,1
id_1414,9.0342386,38.7445985,1
id_1415,8.9981148,38.7671512,1
id_1416,8.8846753,38.8098552,1
id_1417,9.0024449,38.7830251,1
id_1418,8.9842012,38.7815749,1
id_1419,9.0639976,38.8726571,1
id_1420,9.004048,38.6908114,1
id_1421,9.0040468,38.6908686,1
id_1422,9.0039433,38.692097,1
id_1423,8.9936547,38.7662811,1
id_1424,9.0062837,38.7828788,1
id_1425,9.0080822,38.7432305,1
id_1426,8.9865128,38.7687714,1
id_1427,8.9890576,38.7854477,1
id_1428,8.8719574,38.7925472,1
id_1429,9.044505,38.8347418,1
id_1430,9.0098749,38.7709921,1
id_1431,8.9948576,38.7901906,1
id_1432,9.0314065,38.8212995,1
id_1433,8.9996765,38.7714828,1
id_1434,9.0029208,38.7996178,1
id_1435,8.9653431,38.7327013,1
id_1436,8.8630409,38.8265735,1
id_1437,8.9009102,38.8146572,1
id_1438,8.9917846,38.8286451,1
id_1439,8.8674972,38.7891262,1
id_1440,8.9851391,38.7369352,1
id_1441,9.0039244,38.7968457,1
id_1442,9.0060575,38.8018126,1
id_1443,8.9960238,38.787717,1
id_1444,9.0331748,38.761569,1
id_1445,9.0346525,38.7596402,1
id_1446,9.0005224,38.7792667,1
id_1447,8.9936854,38.7683078,1
id_1448,9.0401274,38.7613534,1
id_1449,9.0379047,38.7629852,1
id_1450,9.0405884,38.7630314,1
id_1451,9.0329931,38.7657611,1
id_1452,8.9987623,38.7396588,1
id_1453,9.0405693,38.7573452,1
id_1454,9.0235326,38.7779901,1
id_1455,9.0255178,38.7766388,1
id_1456,9.029706,38.7613344,1
id_1457,9.0012199,38.7401219,1
id_1458,9.0221234,38.7476881,1
id_1459,9.0091041,38.782948,1
id_1460,9.0078701,38.743604,1
id_1461,9.0191339,38.7696408,1
id_1462,9.0078505,38.7435924,1
id_1463,9.0163806,38.7457415,1
id_1464,9.0010232,38.7866307,1
id_1465,8.9692796,38.7592782,1
id_1466,9.0411146,38.7818674,1
id_1467,9.0325387,38.7833849,1
id_1468,9.0138422,38.7522105,1
id_1469,9.0019648,38.8017216,1
id_1470,9.0133146,38.7809071,1
id_1471,8.9607039,38.764024,1
id_1472,9.012689,38.7527989,1
id_1473,9.0167033,38.7494885,1
id_1474,9.0168122,38.7444141,1
id_1475,9.0168781,38.7444092,1
id_1476,9.0134876,38.7835234,1
id_1477,9.0134767,38.7834594,1
id_1478,9.0378297,38.7517326,1
id_1479,9.0449284,38.7620794,1
id_1480,9.0233373,38.7940466,1
id_1481,9.0441528,38.7614961,1
id_1482,8.9755412,38.7456191,1
id_1483,8.9769528,38.7488664,1
id_1484,9.0172773,38.8600253,1
id_1485,9.0745204,38.7586606,1
id_1486,9.0332057,38.7602574,1
id_1487,9.0053118,38.8088378,1
id_1488,9.0056498,38.8083083,1
id_1489,9.0054166,38.806579,1
id_1490,9.0313602,38.7466728,1
id_1491,9.0322634,38.7496004,1
id_1492,8.9531518,38.7897693,1
id_1493,9.0100092,38.8043528,1
id_1494,9.0093614,38.8064533,1
id_1495,8.9905301,38.7589642,1
id_1496,8.8681435,38.7878602,1
id_1497,9.045081,38.7510368,1
id_1498,8.9824018,38.7359847,1
id_1499,8.9899432,38.7379215,1
id_1500,9.0686919,38.6665815,1
id_1501,8.929098,38.8195514,1
id_1502,8.9695953,38.8375414,1
id_1503,9.0375208,38.7209861,1
id_1504,9.0079798,38.7641998,1
id_1505,9.0145763,38.7511932,1
id_1506,9.0596055,38.718756,1
id_1507,8.9758176,38.679869,1
id_1508,8.9824292,38.6960834,1
id_1509,8.9805107,38.6875853,1
id_1510,8.9822834,38.6947624,1
id_1511,9.0005155,38.6781522,1
id_1512,8.9758082,38.6798811,1
id_1513,9.0165947,38.7502467,1
id_1514,9.0264348,38.7822225,1
id_1515,9.0264148,38.7825178,1
id_1516,9.0270559,38.7831048,1
id_1517,9.0269093,38.7829702,1
id_1518,9.0276467,38.7835494,1
id_1519,8.9061099,38.8159113,1
id_1520,8.9494395,38.7228803,1
id_1521,9.0106614,38.8777194,1
id_1522,9.0013418,38.8095649,1
id_1523,8.9857058,38.7874635,1
id_1524,8.9656394,38.7880676,1
id_1525,9.0464596,38.7308252,1
id_1526,8.9638495,38.7861772,1
id_1527,8.9737701,38.7090933,1
id_1528,9.0572008,38.7404636,1
id_1529,8.83698,38.8326491,1
id_1530,8.9969386,38.7441989,1
id_1531,8.9100159,38.8166209,1
id_1532,8.9882282,38.7867722,1
id_1533,8.9975173,38.7589123,1
id_1534,8.9975311,38.7588774,1
id_1535,9.0478123,38.7463995,1
id_1536,8.9482139,38.7363375,1
id_1537,9.0106724,38.7678554,1
id_1538,8.9481883,38.782081,1
id_1539,9.0343318,38.8281938,1
id_1540,9.0039122,38.8010976,1
id_1541,9.0110296,38.7693455,1
id_1542,8.9118227,38.7633069,1
id_1543,8.9849851,38.7844388,1
id_1544,9.0118515,38.7398606,1
id_1545,9.0207753,38.7484495,1
id_1546,9.0278584,38.8773021,1
id_1547,9.0162362,38.7685297,1
id_1548,9.01624,38.7685712,1
id_1549,9.0161556,38.7686256,1
id_1550,9.0160944,38.7686216,1
id_1551,9.0161662,38.7684278,1
id_1552,9.0160995,38.7684269,1
id_1553,9.016033,38.7684205,1
id_1554,9.0160313,38.768524,1
id_1555,9.0160336,38.7686232,1
id_1556,9.0301549,38.7541949,1
id_1557,9.0118881,38.7386679,1
id_1558,8.9518277,38.6813842,1
id_1559,8.9517946,38.6813318,1
id_1560,9.0517602,38.7290757,1
id_1561,9.0307882,38.7427866,1
id_1562,9.0335569,38.7254506,1
id_1563,9.0337997,38.7237227,1
id_1564,9.0103104,38.8453837,1
id_1565,8.9990992,38.781624,1
id_1566,8.9927305,38.7831613,1
id_1567,8.9911712,38.7382751,1
id_1568,8.9710327,38.7315869,1
id_1569,8.9710492,38.7315941,1
id_1570,9.0466828,38.7308027,1
id_1571,9.04783,38.7280864,1
id_1572,9.0493086,38.7258402,1
id_1573,8.9639629,38.7334525,1
id_1574,9.0637572,38.7703359,1
id_1575,9.0035421,38.7975083,1
id_1576,9.0036232,38.7973907,1
id_1577,9.0637509,38.8742365,1
id_1578,9.0109445,38.7408292,1
id_1579,8.955208,38.7669199,1
id_1580,9.0091711,38.7818791,1
id_1581,9.0334913,38.7238553,1
id_1582,9.0070521,38.7024346,1
id_1583,9.0261546,38.7547835,1
id_1584,9.0182461,38.7341372,1
id_1585,9.0259288,38.7425122,1
id_1586,8.8707223,38.7706052,1
id_1587,9.0707338,38.6462054,1
id_1588,9.0415941,38.7133785,1
id_1589,9.0480426,38.7421918,1
id_1590,8.8595393,38.7962543,1
id_1591,8.8740905,38.787558,1
id_1592,8.9982056,38.7586081,1
id_1593,8.996286,38.7592739,1
id_1594,9.0478352,38.7305747,1
id_1595,9.020738,38.7846035,1
id_1596,8.9406445,38.7346235,1
id_1597,9.0235811,38.8542508,1
id_1598,8.9891256,38.7718931,1
id_1599,9.0009092,38.7998042,1
id_1600,9.0037819,38.7322551,1
id_1601,9.0045033,38.737961,1
id_1602,9.0382317,38.8770372,1
id_1603,9.0287102,38.7404543,1
id_1604,9.0352538,38.733902,1
id_1605,9.0272412,38.7356665,1
id_1606,9.0327194,38.7319751,1
id_1607,9.0350015,38.7551288,1
id_1608,9.0083541,38.744036,1
id_1609,9.0158914,38.7375933,1
id_1610,9.0154637,38.7381816,1
id_1611,9.0121718,38.8180189,1
id_1612,9.0325808,38.826519,1
id_1613,9.0365588,38.7135073,1
id_1614,8.982325,38.7890377,1
id_1615,9.0326872,38.8257874,1
id_1616,9.0258129,38.7775508,1
id_1617,9.0326632,38.7729703,1
id_1618,8.9988002,38.7413479,1
id_1619,8.9532709,38.7151178,1
id_1620,8.9987434,38.7162809,1
id_1621,8.9645534,38.7192553,1
id_1622,9.0099669,38.7802842,1
id_1623,9.0143149,38.7824828,1
id_1624,9.0528825,38.7547722,1
id_1625,9.047971,38.721349,1
id_1626,8.997482,38.771441,1
id_1627,9.0531274,38.7427783,1
id_1628,8.9958613,38.8280353,1
id_1629,8.9897654,38.7557521,1
id_1630,8.9138508,38.7640477,1
id_1631,9.0114868,38.7624047,1
id_1632,9.0334011,38.7822906,1
id_1633,9.0166892,38.8720439,1
id_1634,9.0468524,38.88079,1
id_1635,9.0267881,38.8238333,1
id_1636,8.9994825,38.8205938,1
id_1637,8.9976036,38.7715006,1
id_1638,8.981155,38.7552379,1
id_1639,8.9598784,38.7475802,1
id_1640,8.9444774,38.7458433,1
id_1641,8.9456113,38.7416677,1
id_1642,9.015315,38.8143848,1
id_1643,8.9797837,38.7769766,1
id_1644,9.0035779,38.6935989,1
id_1645,9.0220622,38.7874398,1
id_1646,9.0155566,38.7726772,1
id_1647,9.0279187,38.7287003,1
id_1648,8.9204884,38.7738131,1
id_1649,8.9483115,38.74465,1
id_1650,9.0069742,38.8022076,1
id_1651,9.0082779,38.7593544,1
id_1652,9.0081223,38.7593118,1
id_1653,8.947117,38.7444026,1
id_1654,9.0416874,38.6983113,1
id_1655,9.0216537,38.7543756,1
id_1656,9.0093328,38.7818578,1
id_1657,9.0615127,38.7350853,1
id_1658,9.021582,38.7998855,1
id_1659,9.0284813,38.6639028,1
id_1660,8.9983837,38.7673546,1
id_1661,9.0089684,38.7641911,1
id_1662,8.9895255,38.7718724,1
id_1663,8.9886553,38.7708666,1
id_1664,8.991534,38.773604,1
id_1665,9.0217256,38.8898766,1
id_1666,8.9632349,38.7643518,1
id_1667,8.9723721,38.7629113,1
id_1668,8.9619786,38.7169726,1
id_1669,8.9952485,38.7905265,1
id_1670,9.0423498,38.822344,1
id_1671,9.0422135,38.8221534,1
id_1672,9.0059625,38.8059354,1
id_1673,9.0726428,38.6470817,1
id_1674,8.9947481,38.7900215,1
id_1675,8.9957636,38.7086988,1
id_1676,8.9960434,38.7083975,1
id_1677,9.0356998,38.7774887,1
id_1678,9.0197474,38.7822267,1
id_1679,9.0110726,38.7811859,1
id_1680,9.0326286,38.7736369,1
id_1681,9.0226687,38.7812516,1
id_1682,9.0053776,38.7807056,1
id_1683,9.0243407,38.8414657,1
id_1684,9.0172117,38.8249032,1
id_1685,9.0032702,38.7798249,1
id_1686,9.0170512,38.781824,1
id_1687,9.0326346,38.7737072,1
id_1688,9.0326553,38.7734042,1
id_1689,9.0164982,38.7820889,1
id_1690,9.0109488,38.7811515,1
id_1691,8.9828207,38.6987931,1
id_1692,9.0326656,38.773487,1
id_1693,9.0033512,38.780866,1
id_1694,8.8704627,38.8219977,1
id_1695,8.9998281,38.7828702,1
id_1696,8.8793268,38.7738487,1
id_1697,8.9677807,38.7621567,1
id_1698,9.0064768,38.7633317,1
id_1699,9.0043102,38.7722963,1
id_1700,9.0022263,38.772873,1
id_1701,9.0481687,38.7211996,1
id_1702,9.0024489,38.6988449,1
id_1703,9.0029413,38.7797552,1
id_1704,9.001816,38.7795994,1
id_1705,9.0348451,38.7099308,1
id_1706,9.0023571,38.7695936,1
id_1707,9.0285058,38.6638775,1
id_1708,9.0211763,38.8379085,1
id_1709,9.0212271,38.8379106,1
id_1710,8.9478332,38.7830368,1
id_1711,9.0727063,38.647126,1
id_1712,9.0212518,38.7955008,1
id_1713,9.0027584,38.6981396,1
id_1714,9.0334591,38.7552885,1
id_1715,8.8914827,38.7786531,1
id_1716,8.8962375,38.7781843,1
id_1717,9.0153479,38.769171,1
id_1718,8.9948015,38.7300161,1
id_1719,9.0007885,38.7816729,1
id_1720,8.9403663,38.7352909,1
id_1721,9.0210781,38.7932377,1
id_1722,9.0235189,38.7983947,1
id_1723,9.0210512,38.7937234,1
id_1724,9.0501805,38.7402781,1
id_1725,9.016861,38.8251478,1
id_1726,8.9471704,38.7445023,1
id_1727,9.0112398,38.7833991,1
id_1728,9.0382475,38.8313999,1
id_1729,9.036068,38.8290338,1
id_1730,9.0376111,38.8313146,1
id_1731,9.0364405,38.8292845,1
id_1732,9.04297,38.8215475,1
id_1733,9.0376306,38.8313423,1
id_1734,8.9730258,38.7307222,1
id_1735,9.0139407,38.7693016,1
id_1736,8.9278989,38.7350187,1
id_1737,9.0161877,38.7530895,1
id_1738,8.919651,38.7325554,1
id_1739,8.967599,38.7555261,1
id_1740,9.0392661,38.8502413,1
id_1741,9.0392751,38.8509225,1
id_1742,9.0233256,38.7565794,1
id_1743,8.9593303,38.7823425,1
id_1744,9.023389,38.8792375,1
id_1745,9.009888,38.7887747,1
id_1746,9.0291316,38.8774402,1
id_1747,9.0289284,38.8774209,1
id_1748,9.025338,38.8773527,1
id_1749,9.0236639,38.8776638,1
id_1750,9.0271029,38.8781749,1
id_1751,9.0287567,38.878122,1
id_1752,9.0230654,38.8772729,1
id_1753,9.026325,38.8772908,1
id_1754,9.006429,38.7665271,1
id_1755,8.9484186,38.7849693,1
id_1756,8.993455,38.7592914,1
id_1757,9.0503397,38.7239494,1
id_1758,9.03254,38.7756868,1
id_1759,8.9508294,38.7629604,1
id_1760,9.0166127,38.7188298,1
id_1761,8.8846737,38.8098771,1
id_1762,8.9931685,38.7751982,1
id_1763,9.0191596,38.8615064,1
id_1764,9.0190881,38.8615734,1
id_1765,9.0084237,38.7908657,1
id_1766,9.0053859,38.762291,1
id_1767,8.9897085,38.7931943,1
id_1768,8.9898515,38.7926229,1
id_1769,8.9502273,38.7197305,1
id_1770,8.9958165,38.7880928,1
id_1771,9.0052652,38.8090916,1
id_1772,9.0165479,38.7889126,1
id_1773,9.0590473,38.7372102,1
id_1774,8.8893331,38.7661529,1
id_1775,8.9357076,38.7643354,1
id_1776,9.0288543,38.751934,1
id_1777,9.032031,38.7362853,1
id_1778,8.9997955,38.7470466,1
id_1779,9.0116054,38.7363517,1
id_1780,8.9828041,38.6988001,1
id_1781,9.0326409,38.7469185,1
id_1782,8.9911998,38.7553088,1
id_1783,8.9449871,38.7800955,1
id_1784,8.9869748,38.7880327,1
id_1785,9.0065867,38.8651298,1
id_1786,8.9493194,38.7219775,1
id_1787,8.8838806,38.7764339,1
id_1788,9.0251255,38.7335729,1
id_1789,9.0082353,38.7996868,1
id_1790,9.0149505,38.7999508,1
id_1791,9.0379483,38.8158818,1
id_1792,8.9914565,38.7662885,1
id_1793,9.0124626,38.7520217,1
id_1794,9.0046708,38.8109862,1
id_1795,9.0034369,38.7802728,1
id_1796,9.0024821,38.7991931,1
id_1797,8.9935279,38.7593097,1
id_1798,9.0155692,38.7366391,1
id_1799,9.0344562,38.8773702,1
id_1800,8.9813867,38.7636211,1
id_1801,8.9623321,38.7638063,1
id_1802,8.8708713,38.8110146,1
id_1803,9.0063837,38.7665438,1
id_1804,9.0127426,38.720491,1
id_1805,8.8986336,38.7687583,1
id_1806,9.0152927,38.783956,1
id_1807,9.0377368,38.8305644,1
id_1808,9.0314524,38.7342857,1
id_1809,9.0307841,38.8399602,1
id_1810,8.9491954,38.7246018,1
id_1811,9.0322954,38.7387477,1
id_1812,9.0210749,38.7965956,1
id_1813,9.004207,38.6826854,1
id_1814,9.0421252,38.7135872,1
id_1815,8.990328,38.7410353,1
id_1816,8.9931678,38.7275681,1
id_1817,9.0120317,38.8334893,1
id_1818,9.0137753,38.7376067,1
id_1819,8.9498973,38.7445148,1
id_1820,8.9509599,38.6887283,1
id_1821,9.0159073,38.8717427,1
id_1822,8.9886691,38.7708631,1
id_1823,9.026326,38.7514762,1
id_1824,9.0415673,38.8632721,1
id_1825,9.0126361,38.7486596,1
id_1826,9.0201521,38.7930828,1
id_1827,9.0326746,38.8575728,1
id_1828,8.9823835,38.7783657,1
id_1829,8.9834149,38.7265613,1
id_1830,9.0091035,38.7647822,1
id_1831,9.0098646,38.8572646,1
id_1832,9.0317187,38.7379894,1
id_1833,9.0059081,38.7812509,1
id_1834,9.001198,38.801235,1
id_1835,8.9996094,38.7401269,1
id_1836,8.9510499,38.7861081,1
id_1837,9.0297096,38.8775373,1
id_1838,8.9514983,38.6870996,1
id_1839,9.0229653,38.7938905,1
id_1840,9.013478,38.7876381,1
id_1841,8.9489227,38.7238018,1
id_1842,9.0316119,38.7362522,1
id_1843,9.0165758,38.7386314,1
id_1844,9.0331118,38.7324637,1
id_1845,9.0118525,38.7506313,1
id_1846,8.9300128,38.7424022,1
id_1847,9.0314275,38.7346653,1
id_1848,9.054097,38.7187599,1
id_1849,9.0045297,38.6816046,1
id_1850,9.0394264,38.8553117,1
id_1851,8.9526827,38.7447674,1
id_1852,9.0145783,38.7697255,1
id_1853,9.0236241,38.8262756,1
id_1854,9.014536,38.7829789,1
id_1855,9.0377881,38.7614325,1
id_1856,8.9822957,38.696949,1
id_1857,9.0386731,38.7423479,1
id_1858,9.0645673,38.8712487,1
id_1859,8.8864248,38.7826068,1
id_1860,8.9953187,38.8255929,1
id_1861,9.0262951,38.7758836,1
id_1862,9.0284395,38.8339361,1
id_1863,9.0493038,38.7398752,1
id_1864,9.0353752,38.7734531,1
id_1865,9.0112658,38.7978358,1
id_1866,9.0368511,38.8296297,1
id_1867,9.0320295,38.7237308,1
id_1868,8.9797758,38.7490615,1
id_1869,8.9890307,38.7591745,1
id_1870,9.0332722,38.7077105,1
id_1871,8.8727769,38.8154703,1
id_1872,8.9909274,38.804671,1
id_1873,8.9832525,38.7959657,1
id_1874,8.9832136,38.795975,1
id_1875,8.9970343,38.7870834,1
id_1876,9.0103871,38.8496038,1
id_1877,8.991499,38.7282916,1
id_1878,9.0016376,38.7864305,1
id_1879,9.0017196,38.7864255,1
id_1880,9.0659568,38.7133595,1
id_1881,9.088275,38.7549725,1
id_1882,8.9894166,38.7857938,1
id_1883,9.0200172,38.7681541,1
id_1884,8.9694962,38.7310324,1
id_1885,8.9692389,38.7311474,1
id_1886,9.0451307,38.7444606,1
id_1887,8.91993,38.7629781,1
id_1888,9.0162492,38.7905569,1
id_1889,9.0123279,38.747734,1
id_1890,8.9881832,38.7231956,1
id_1891,9.0456348,38.7273619,1
id_1892,9.0284013,38.7567823,1
id_1893,8.9855392,38.7839675,1
id_1894,8.99671,38.7769,1
id_1895,8.9931818,38.781156,1
id_1896,8.989279155075238,38.792689147815224,1
