,vehicle_id,name,location,origin_zone,days_between_charges,charging_demand,arrival_time,departure_time,idling_duration,charging_power,strategy
0,0,motorcycle,home,2_5,1.0,1.976989016097062,18.882595540022322,8.308894956834207,13.426299416811885,3.7,dumb
1,8,motorcycle,home,1_3,1.0,0.8856000079877183,17.9014868370528,7.747464903493912,13.845978066441111,3.7,dumb
2,12,car,home,5_3,1.0,13.143578786139802,19.6570890116664,9.106772761232266,13.449683749565866,7.4,dumb
3,14,car,home,0_3,1.0,6.37630759286875,16.59160828405931,7.669178059198302,15.077569775138993,7.4,dumb
4,15,car,home,2_4,6.0,19.089387971835688,19.96841377818871,8.922739682534601,12.95432590434589,7.4,dumb
5,17,car,home,2_4,4.0,12.72625864789046,22.42494287917846,9.625390959121015,11.200448079942555,3.7,dumb
6,18,car,home,2_5,4.0,25.452517296125418,16.815956097759287,8.759513831703833,15.943557733944546,7.4,dumb
7,20,car,home,2_5,1.0,3.181564662067282,15.456476636817094,10.972702948849461,19.516226312032366,3.7,dumb
8,21,car,home,2_2,1.0,3.181564661878489,20.426285062423847,9.342419734773173,12.916134672349326,7.4,dumb
9,22,car,home,4_3,1.0,3.1881793005115657,19.469689441507864,7.837119382670309,12.367429941162445,3.7,dumb
10,25,car,home,3_3,1.0,4.50408893264161,17.951790822830574,8.836751650892694,14.88496082806212,7.4,dumb
11,26,car,home,2_3,2.0,9.00817786526893,19.70116517091933,7.401898240170224,11.700733069250893,7.4,dumb
12,27,car,home,2_4,5.0,15.907823309863074,14.590726385208132,10.927353293412224,20.336626908204092,7.4,dumb
13,28,car,home,1_3,2.0,9.00814797488084,17.720675193979933,9.764360958020175,16.04368576404024,3.7,dumb
14,30,car,home,2_4,1.0,4.504073987608114,17.278878068447614,7.194612602772036,13.915734534324422,7.4,dumb
15,34,car,home,2_4,4.0,12.752640115471788,17.678504817763965,9.473675493589571,15.795170675825606,7.4,dumb
16,35,motorcycle,home,2_5,2.0,2.5022633264445155,16.399153824732878,7.977432883076206,15.578279058343329,7.4,dumb
17,38,car,home,0_3,4.0,18.016225511342377,16.282390938105305,9.003947655321639,16.721556717216334,7.4,dumb
18,40,motorcycle,home,1_4,2.0,1.7712000160377483,16.07635593884035,10.248530951268588,18.172175012428237,3.7,dumb
19,42,motorcycle,home,1_4,3.0,2.6568000240566225,16.175981364084894,8.92803570693305,16.752054342848155,7.4,dumb
20,43,car,home,2_1,5.0,15.9078233089222,16.49398655838641,8.588411713034608,16.0944251546482,3.7,dumb
21,46,car,home,1_3,3.0,13.51222196232126,19.217819957512017,8.431699376435946,13.213879418923929,7.4,dumb
22,47,car,home,4_4,4.0,12.752717202249432,16.83023322180174,7.454656885481088,14.624423663679348,7.4,dumb
23,49,car,home,3_4,6.0,19.08944566733871,14.556501311410496,8.550330795763578,17.993829484353082,3.7,dumb
24,54,motorcycle,home,2_4,3.0,2.6568088397035488,19.84522721541045,8.188735255707456,12.343508040297007,7.4,dumb
25,58,car,home,2_4,1.0,4.50408893264161,12.97706691396306,8.04293634840201,19.06586943443895,7.4,dumb
26,62,car,home,2_4,4.0,12.72625864789046,14.541248418436307,8.991505446871598,18.45025702843529,7.4,dumb
27,63,car,home,1_4,2.0,6.376320057735894,22.039534856893233,8.917320811752178,10.877785954858945,7.4,dumb
28,64,car,home,2_2,2.0,9.008177865046916,20.863939347421393,6.93273045499088,10.068791107569487,7.4,dumb
29,65,car,home,4_4,2.0,14.252052629812622,15.970092248387273,8.960304555392888,16.990212307005613,7.4,dumb
30,72,car,home,4_4,4.0,18.016404854315915,16.97406973993735,8.721100741670352,15.747031001733003,7.4,dumb
31,73,car,home,3_0,1.0,7.117160457423682,12.580564421121252,7.449561274408598,18.868996853287346,3.7,dumb
32,74,car,home,3_5,2.0,14.23432091585219,13.45055013346438,8.052857917091243,18.602307783626863,7.4,dumb
33,75,car,home,1_4,2.0,14.252009554798205,19.262496168211413,9.834181130533125,14.571684962321712,3.7,dumb
34,76,car,home,1_4,2.0,9.008147974898277,20.708148026620314,9.361106607630388,12.652958581010074,7.4,dumb
35,83,car,home,1_4,3.0,9.56448008660384,20.317122470798044,9.083107759603717,12.765985288805673,7.4,dumb
36,84,car,home,3_4,5.0,15.94085303822129,14.290454309404884,7.907299933076089,17.616845623671203,7.4,dumb
37,85,car,home,2_4,3.0,13.512266797924829,12.694792610465118,8.398595080244752,19.70380246977963,3.7,dumb
38,87,car,home,2_2,3.0,19.089387971527337,16.822888757284034,9.643856787867106,16.820968030583074,7.4,dumb
39,88,car,home,4_3,1.0,6.376349908076277,19.69553290614081,9.637351046534953,13.941818140394144,7.4,dumb
40,90,car,home,1_4,2.0,12.75266127302443,16.291221446331605,10.6432997834306,18.352078337098995,7.4,dumb
41,93,car,home,4_3,2.0,14.252052629854141,21.869284027921044,8.266439357434948,10.397155329513904,7.4,dumb
42,94,car,home,2_5,1.0,3.181564662067282,17.16844001006812,8.484350830447841,15.31591082037972,3.7,dumb
43,95,car,home,1_4,3.0,9.56448008660384,19.380019553310007,9.509011938928388,14.128992385618382,3.7,dumb
44,96,car,home,2_4,1.0,4.50408893264161,15.511267319892383,8.274248040601446,16.762980720709063,7.4,dumb
45,97,car,home,1_3,5.0,22.520369936453292,18.974253859843206,8.076873344925497,13.102619485082291,7.4,dumb
46,98,motorcycle,home,0_3,1.0,2.5022584347086516,18.262225754841992,7.460403459062429,13.198177704220438,3.7,dumb
47,99,car,home,2_4,4.0,12.72625864789046,16.494328469136278,8.089280299664136,15.594951830527858,3.7,dumb
48,101,car,home,1_4,5.0,15.90776582057085,15.676093764168355,8.64844654436327,16.972352780194917,7.4,dumb
49,107,car,home,4_4,1.0,3.188179300562358,21.69661660471087,9.973127513152349,12.27651090844148,7.4,dumb
50,108,car,home,1_3,3.0,9.564480086267357,18.54291810492937,8.33327541195185,13.79035730702248,3.7,dumb
51,110,car,home,2_4,6.0,19.089387971835688,16.892504737178164,8.171940954243265,15.2794362170651,3.7,dumb
52,112,car,home,1_5,5.0,22.520369938040574,17.157582320228194,10.530495966501627,17.37291364627343,3.7,dumb
53,114,car,home,3_3,6.0,19.129023645388266,15.894662527977147,8.42360079540631,16.52893826742916,7.4,dumb
54,118,car,home,1_5,2.0,9.008147975216229,20.702844971562694,8.91346738374282,12.210622412180125,7.4,dumb
55,120,car,home,2_3,2.0,14.234320915196795,17.183702025009776,9.37733623513609,16.193634210126312,7.4,dumb
56,124,car,home,1_3,4.0,12.72621265645668,17.634542734553452,8.988126901648997,15.353584167095544,7.4,dumb
57,129,car,home,1_5,5.0,22.520369938040574,17.433490666822575,8.453357952785185,15.01986728596261,3.7,dumb
58,131,motorcycle,home,2_2,3.0,2.6513038848203667,16.32348959773762,9.165029909068714,16.841540311331094,7.4,dumb
59,139,car,home,2_1,2.0,12.726258647308494,17.144991431144195,8.113180587868497,14.968189156724302,7.4,dumb
60,143,car,home,0_3,1.0,9.564478200433472,15.473745332101618,6.461577539333675,14.987832207232056,7.4,dumb
61,144,car,home,2_2,1.0,7.117160457750982,19.97641860415182,6.975273899542936,10.998855295391115,7.4,dumb
62,145,car,home,4_4,2.0,9.008202427157958,16.218594079026357,7.923825774834983,15.705231695808626,3.7,dumb
63,146,car,home,2_4,2.0,6.36312932394523,17.059590190616646,7.202022708736193,14.142432518119547,7.4,dumb
64,147,car,home,1_4,1.0,6.376330636512215,20.708687660714663,7.91558169238975,11.206894031675088,3.7,dumb
65,148,car,home,2_4,1.0,3.188160028867947,18.44599534361901,8.336524370512487,13.890529026893477,3.7,dumb
66,149,car,home,1_4,1.0,4.5040739874491384,20.75675342773098,10.049336650667927,13.292583222936946,7.4,dumb
67,150,car,home,1_2,3.0,21.351410525936693,15.510073914233606,8.496131756499421,16.986057842265815,3.7,dumb
68,155,car,home,0_3,2.0,9.008112756080473,17.7050519861599,9.349499673897474,15.644447687737573,7.4,dumb
69,159,motorcycle,home,4_4,1.0,1.9794517541406422,17.67572323330083,10.422949221293713,16.747225987992884,7.4,dumb
70,163,car,home,2_1,1.0,6.363129323654247,17.03023160730303,9.446699126837611,16.41646751953458,3.7,dumb
71,164,car,home,2_2,2.0,14.234273684013452,18.072097472873253,7.138561647984231,13.066464175110978,7.4,dumb
72,165,car,home,1_4,6.0,19.12896017320768,16.091108571690913,7.556297687998477,15.465189116307563,3.7,dumb
73,166,car,home,0_3,2.0,9.008112755671188,11.931729362662857,8.686119984605105,20.75439062194225,7.4,dumb
74,167,car,home,2_3,3.0,13.512266797903395,18.85295793609787,8.963659067447697,14.110701131349828,3.7,dumb
75,168,car,home,3_1,2.0,9.008177864840642,17.028694144938033,8.23867423624197,15.209980091303937,3.7,dumb
76,169,car,home,2_4,3.0,9.564511822932774,19.696019632741304,9.10048880675055,13.404469174009245,7.4,dumb
77,170,car,home,2_5,1.0,3.181564662067282,15.826195779919352,7.866115534141995,16.039919754222645,7.4,dumb
78,172,car,home,2_4,1.0,3.181564661972615,21.21454522590824,9.128436215430076,11.913890989521837,3.7,dumb
79,174,car,home,2_4,2.0,9.00817786528322,16.31697522468505,8.47197494217737,16.154999717492323,7.4,dumb
80,177,car,home,1_3,6.0,19.128960172534715,18.963400756390477,6.633416137805372,11.670015381414895,3.7,dumb
81,178,car,home,4_4,6.0,19.12907580337415,19.760392339027014,8.019564543411642,12.259172204384628,7.4,dumb
82,181,car,home,2_2,2.0,14.25195804888585,18.169902604588934,7.88109480613147,13.711192201542536,3.7,dumb
83,183,car,home,2_4,4.0,18.01635573056644,15.82955807687504,9.359902451001801,17.530344374126763,3.7,dumb
84,191,car,home,2_3,1.0,3.181564661878489,0.9907470376187817,7.81896135869874,6.828214321079958,3.7,dumb
85,192,car,home,2_2,6.0,19.128960171858182,19.029472524487673,8.549091047252903,13.51961852276523,7.4,dumb
86,193,car,home,0_3,1.0,4.504056378040237,16.307785193075603,8.369195269894833,16.06141007681923,3.7,dumb
87,195,motorcycle,home,3_1,4.0,5.0045432582448015,18.21008391665342,7.803109299496473,13.593025382843052,7.4,dumb
88,196,car,home,2_5,3.0,13.512266798259729,15.237512343593309,7.936706931340108,16.6991945877468,3.7,dumb
89,199,car,home,1_4,6.0,19.12896017320768,17.166532675575525,9.206702073122052,16.040169397546528,3.7,dumb
90,201,car,home,1_4,3.0,19.128991909536644,17.44631798386058,8.094962119763244,14.648644135902662,3.7,dumb
91,202,car,home,4_4,3.0,19.12904972461983,15.077574041949436,8.631965143406797,17.554391101457362,3.7,dumb
92,205,car,home,1_5,2.0,6.376320057961912,16.473770738249986,6.653606318844543,14.179835580594556,7.4,dumb
93,206,car,home,5_4,7.0,22.317302753188912,19.998374230591516,7.150660425526325,11.15228619493481,7.4,dumb
94,207,motorcycle,home,3_4,1.0,0.8856029465678495,16.605447602058412,8.902917580525909,16.297469978467497,3.7,dumb
95,208,car,home,3_4,7.0,22.317194253509804,16.261683408288345,8.067819512648331,15.806136104359986,7.4,dumb
96,209,car,home,2_4,3.0,9.564511822932774,20.82021580004716,8.65494985917189,11.834734059124731,7.4,dumb
97,210,motorcycle,home,1_5,1.0,0.8837647678460263,17.820544211784537,7.931431063603162,14.110886851818625,3.7,dumb
98,211,car,home,2_1,1.0,6.363129323654247,16.152364888161205,8.929517185275358,16.777152297114153,3.7,dumb
99,214,car,home,4_3,1.0,11.487792456828759,18.139805871881236,7.192908327313859,13.053102455432622,3.7,dumb
100,216,car,home,1_4,2.0,9.008147974898277,16.774065431685703,8.74125224820271,15.967186816517007,7.4,dumb
101,217,car,home,2_4,2.0,12.72625864768489,20.221617281382123,7.23421629496116,11.012599013579038,3.7,dumb
102,223,motorcycle,home,2_1,5.0,4.418839808033945,15.678239982007442,7.746250523388078,16.068010541380637,7.4,dumb
103,225,car,home,1_3,3.0,19.128991908961495,18.642115888220225,6.767315143174217,12.125199254953992,7.4,dumb
104,235,car,home,3_1,1.0,10.063095916636094,19.057054635089713,9.09181403616346,14.034759401073746,7.4,dumb
105,237,car,home,5_4,1.0,7.12604363724342,16.739614954005066,7.976928350698746,15.23731339669368,3.7,dumb
106,238,car,home,1_4,7.0,22.31712020207563,18.10081145119944,7.833048212660888,13.732236761461447,7.4,dumb
107,241,car,home,3_2,1.0,4.504088932530409,22.201397094408108,11.927820429434497,13.72642333502639,3.7,dumb
108,242,car,home,1_5,5.0,22.520369938040574,16.87398017642142,7.962617792117584,15.088637615696165,3.7,dumb
109,246,car,home,3_3,1.0,3.188170607564711,18.0622560248872,9.889417817110555,15.827161792223354,7.4,dumb
110,249,car,home,1_4,2.0,12.75266127302443,18.16220928152498,9.449368907065855,15.287159625540875,7.4,dumb
111,250,motorcycle,home,4_4,1.0,0.8856053612673218,19.365838165144826,8.477309932912313,13.111471767767487,3.7,dumb
112,252,car,home,3_0,1.0,7.117160457423682,16.885328768157,7.593606152541565,14.708277384384566,3.7,dumb
113,253,car,home,2_3,4.0,12.752682430258844,16.851708831227914,7.188127900514743,14.33641906928683,7.4,dumb
114,254,car,home,0_3,1.0,7.125979024708417,19.53488296217659,8.464461884280405,12.929578922103817,7.4,dumb
115,255,motorcycle,home,1_4,1.0,1.2511316631803162,16.050169006840726,9.1150815880708,17.064912581230075,7.4,dumb
116,257,car,home,2_2,7.0,22.270952633149424,15.882953936165281,9.077325890627002,17.194371954461722,3.7,dumb
117,258,car,home,2_4,1.0,4.50407398744042,18.466817985058242,9.259609019286685,14.792791034228443,7.4,dumb
118,260,car,home,1_4,1.0,3.188160028867947,23.20299934167056,8.28823800963117,9.085238667960612,3.7,dumb
119,261,car,home,2_3,2.0,9.008147974898277,17.383405988098307,8.621811812010119,15.238405823911812,3.7,dumb
120,262,car,home,2_1,3.0,13.512221961399018,21.431019530533113,8.182073917165788,10.751054386632674,7.4,dumb
121,264,car,home,2_1,1.0,7.117160457575546,18.773425074485086,7.776523295844894,13.003098221359808,7.4,dumb
122,270,car,home,1_4,3.0,9.56448008660384,20.29307369613199,8.347303575538229,12.054229879406238,3.7,dumb
123,271,motorcycle,home,2_4,1.0,0.8837679616590598,19.357896059798573,9.263818681516812,13.905922621718238,7.4,dumb
124,273,car,home,2_3,6.0,19.129023645388266,17.3288815811304,9.833154761480657,16.504273180350257,3.7,dumb
125,275,car,home,3_3,1.0,4.50408893264161,0.26543368677524626,8.017250733855292,7.751817047080046,7.4,dumb
126,277,car,home,2_4,6.0,19.12896017320768,16.171388645417526,6.900111839856786,14.72872319443926,3.7,dumb
127,284,car,home,2_5,7.0,22.270952634470977,15.411038278536129,7.862991035477302,16.451952756941175,7.4,dumb
128,286,car,home,1_3,3.0,13.51222196232126,17.94931607416242,9.365367376544828,15.416051302382407,7.4,dumb
129,288,car,home,2_3,2.0,6.36312932394523,16.535121560820325,8.246275095608937,15.711153534788611,7.4,dumb
130,289,car,home,2_5,1.0,3.181564662067282,17.481758990961893,7.96337198192694,14.481612990965047,7.4,dumb
131,290,motorcycle,home,1_4,1.0,0.8856000080188742,19.696461037546726,8.696120804475422,12.999659766928696,7.4,dumb
132,291,car,home,3_0,1.0,13.11955016181834,20.968728058723315,9.194838093397548,12.226110034674234,7.4,dumb
133,294,motorcycle,home,2_4,2.0,1.7712000160377483,17.38779648479642,9.138999228665009,15.751202743868587,7.4,dumb
134,295,car,home,3_4,1.0,3.188179300562358,16.828012253190415,7.251125101396498,14.423112848206083,3.7,dumb
135,297,car,home,2_5,4.0,12.726258648269129,20.556886683769587,7.9288927905104405,11.372006106740853,3.7,dumb
136,300,car,home,3_4,1.0,3.188170607644258,18.86515094102571,9.142300439482714,14.277149498457003,3.7,dumb
137,307,car,home,4_3,1.0,9.564509936832074,10.748212317841826,8.558094154213485,21.80988183637166,3.7,dumb
138,309,motorcycle,home,2_2,1.0,1.2511358145898497,18.1184178401492,7.805094587105815,13.686676746956616,3.7,dumb
139,310,car,home,2_4,2.0,6.376341215288516,18.755675473763812,9.075481333562308,14.319805859798496,7.4,dumb
140,311,motorcycle,home,3_3,1.0,0.8837706327471624,17.015895389089675,9.348922623775064,16.33302723468539,3.7,dumb
141,313,car,home,1_5,1.0,7.117136842257763,18.241619680755477,8.424722344055539,14.183102663300062,7.4,dumb
142,318,car,home,1_4,3.0,13.512221962347414,19.086381424455485,9.496905275285004,14.410523850829518,3.7,dumb
143,321,car,home,4_3,1.0,3.181582011837825,17.37668186864108,6.488204579284249,13.11152271064317,7.4,dumb
144,322,car,home,1_3,1.0,4.50407398744042,19.941751244762816,9.673942490324018,13.732191245561202,7.4,dumb
145,324,motorcycle,home,1_5,2.0,1.7675295356920526,15.984574337090072,9.13080092879001,17.146226591699936,3.7,dumb
146,325,car,home,1_5,1.0,7.117136842257763,19.123447781009375,6.928912435989138,11.805464654979762,3.7,dumb
147,326,car,home,2_3,6.0,19.089387971270934,19.99466797430095,7.355448266974438,11.360780292673489,7.4,dumb
148,328,motorcycle,home,3_4,1.0,1.7712029545867265,20.714888528464495,9.977964454715913,13.263075926251418,3.7,dumb
149,332,car,home,4_4,3.0,9.564558322795248,21.789736394124624,6.435448903455974,8.64571250933135,3.7,dumb
150,333,car,home,1_3,1.0,3.1881600287557856,18.97175050466284,9.786672583639135,14.814922078976295,3.7,dumb
151,336,car,home,1_5,1.0,4.504073987608114,22.10401115062533,8.421332967753065,10.317321817127736,7.4,dumb
152,343,car,home,3_4,3.0,9.564511822932774,19.711991338996913,8.109072323869883,12.39708098487297,7.4,dumb
153,345,car,home,4_4,1.0,6.37634990820661,15.159854219238769,9.978683610596368,18.8188293913576,3.7,dumb
154,346,car,home,3_4,1.0,3.188179300562358,16.148763200301786,9.101738218558394,16.95297501825661,3.7,dumb
155,347,car,home,4_3,9.0,28.634238106540426,21.82158696473235,8.298504327281158,10.476917362548807,3.7,dumb
156,348,car,home,2_4,1.0,3.188170607644258,16.607524503640512,8.243649667683655,15.636125164043143,3.7,dumb
157,353,car,home,4_3,1.0,4.504101213584317,18.073397783809547,8.739840020380132,14.666442236570585,3.7,dumb
158,354,car,home,4_4,1.0,6.37634990820661,17.975311914072673,7.302603585817399,13.327291671744726,3.7,dumb
159,355,car,home,3_2,4.0,12.726297111303913,17.02172421121115,8.049032953801206,15.027308742590055,3.7,dumb
160,357,car,home,1_4,1.0,3.188160028867947,16.871586994104693,8.268096525661942,15.39650953155725,3.7,dumb
161,359,car,home,1_4,4.0,18.016295949796554,17.08674723945197,7.731967966666195,14.645220727214225,3.7,dumb
162,360,car,home,3_0,3.0,13.51226679692941,16.24315617446978,7.732765334742215,15.489609160272433,3.7,dumb
163,362,car,home,1_5,1.0,3.1815531642456945,18.767376992433686,7.04509701506389,12.277720022630204,3.7,dumb
164,363,motorcycle,home,2_3,2.0,1.7675359233181196,16.574461567665487,7.538181817394014,14.963720249728526,7.4,dumb
165,364,car,home,1_5,2.0,14.234273684515527,14.098873765889303,7.412863966100504,17.3139902002112,3.7,dumb
166,367,motorcycle,home,2_4,1.0,1.7712083078351695,19.7845722047128,8.331717862731974,12.547145658019176,7.4,dumb
167,370,car,home,0_3,2.0,12.7526151857375,17.02969100758722,8.182700159046274,15.153009151459052,7.4,dumb
168,374,car,home,3_4,5.0,15.94085303822129,17.215915257009794,9.540864838703435,16.32494958169364,7.4,dumb
169,376,car,home,3_4,1.0,4.504088932634465,19.327039259068428,8.425295640037708,13.09825638096928,3.7,dumb
170,379,car,home,1_3,3.0,9.564480086267357,14.707138197152204,8.599729554684394,17.89259135753219,7.4,dumb
171,381,car,home,2_4,3.0,9.544693985917844,19.147098358540976,8.943791193645323,13.796692835104347,3.7,dumb
172,382,motorcycle,home,2_3,2.0,1.7675359233181196,17.440925097295903,7.647196278033212,14.206271180737309,7.4,dumb
173,387,car,home,2_4,6.0,19.089387971835688,19.345290383368823,8.711836704970809,13.366546321601986,7.4,dumb
174,388,car,home,2_3,2.0,6.36312932394523,18.890750664183358,10.298089764582112,15.407339100398755,3.7,dumb
175,389,car,home,0_3,1.0,6.37630759286875,17.076873937384487,7.753849942321484,14.676976004936996,3.7,dumb
176,391,car,home,2_4,1.0,3.188170607644258,15.741287080539546,10.95311632771071,19.211829247171163,3.7,dumb
177,393,car,home,2_4,3.0,9.544693985917844,17.156668226623083,8.207313543453813,15.05064531683073,7.4,dumb
178,400,car,home,3_4,1.0,3.188170607644258,16.447653760881597,9.584614168454717,17.13696040757312,3.7,dumb
179,401,car,home,2_1,3.0,21.35148137272664,17.979116326274887,9.587432166731867,15.60831584045698,7.4,dumb
180,403,car,home,1_4,5.0,15.940800144339736,17.48488073080334,7.7518973586607824,14.267016627857442,3.7,dumb
181,404,car,home,1_4,2.0,9.008147974898277,17.178794325390804,7.014322829069352,13.835528503678548,7.4,dumb
182,405,motorcycle,home,3_3,1.0,0.8856029465457531,15.734249454999746,8.297287553419826,16.56303809842008,7.4,dumb
183,407,car,home,2_5,3.0,21.351481373848266,18.552445979012898,8.490770112731465,13.938324133718567,7.4,dumb
184,408,car,home,4_4,3.0,9.564537901687075,15.809321017248678,9.380900960772376,17.571579943523698,3.7,dumb
185,411,car,home,3_3,2.0,6.363148555779569,17.784778111967185,9.24251636403804,15.457738252070856,3.7,dumb
186,416,car,home,1_4,1.0,3.188160028867947,17.680987939317376,8.22865003238637,14.547662093068993,7.4,dumb
187,417,car,home,3_4,5.0,15.907871389448921,19.32031893092006,9.889325239739488,14.569006308819429,3.7,dumb
188,428,car,home,2_4,5.0,15.94085303822129,19.33928163867198,8.4557855968266,13.116503958154619,3.7,dumb
189,430,car,home,1_3,6.0,19.08931898468502,19.64693820864185,7.580742014380974,11.933803805739124,7.4,dumb
190,434,car,home,1_4,1.0,7.126004777399102,16.793881334780092,7.937822678213424,15.143941343433331,3.7,dumb
191,435,car,home,2_4,5.0,15.907823310336411,17.997940687734374,7.689385366247787,13.691444678513413,3.7,dumb
192,440,car,home,2_1,1.0,7.117160457575546,18.832479212801605,9.525453112332404,14.692973899530799,7.4,dumb
193,442,car,home,2_3,5.0,15.907823309863074,18.779847974480813,8.023891548574193,13.24404357409338,3.7,dumb
194,445,car,home,1_5,1.0,7.117136842257763,16.962361140220697,9.018806838778683,16.056445698557987,7.4,dumb
195,447,car,home,1_3,4.0,18.01629594976168,20.483060981654518,6.887636019823541,10.404575038169023,3.7,dumb
196,449,motorcycle,home,2_5,2.0,2.5022716293073577,17.17560617236158,10.14725282569923,16.97164665333765,3.7,dumb
197,450,car,home,2_4,1.0,4.50407398744042,19.35500688296302,9.024701207445649,13.669694324482627,7.4,dumb
198,452,car,home,4_4,1.0,6.37634990820661,18.07998276618047,8.734341578321372,14.6543588121409,3.7,dumb
199,454,car,home,0_3,2.0,9.008112756080473,15.762453368067158,8.090257617170884,16.32780424910373,3.7,dumb
200,455,car,home,2_3,1.0,6.376349908076277,18.43755065724818,9.404777058183525,14.967226400935344,7.4,dumb
201,457,car,home,3_5,1.0,4.504088932745787,17.702431802796074,8.526701697583341,14.824269894787268,3.7,dumb
202,459,car,home,2_3,2.0,9.00817786526893,20.0461200749289,8.036010410989446,11.989890336060546,7.4,dumb
203,461,car,home,2_1,6.0,19.129023644452094,15.600317066740082,9.30495442361042,17.704637356870336,7.4,dumb
204,466,motorcycle,home,1_3,3.0,5.313608863600415,13.269641405381218,8.479418163635803,19.209776758254584,3.7,dumb
205,467,car,home,0_3,2.0,14.251958049416833,16.12675314679264,9.112992308886874,16.986239162094233,3.7,dumb
206,468,car,home,2_5,1.0,7.117136842230875,18.378273671403598,8.674069817938943,14.295796146535345,3.7,dumb
207,470,car,home,3_4,5.0,15.94085303822129,17.45632650650839,9.65209393939384,16.19576743288545,7.4,dumb
208,473,car,home,2_4,1.0,3.188160028867947,20.67096008253131,8.719975200358979,12.04901511782767,7.4,dumb
209,474,car,home,2_3,3.0,13.512221961844656,19.409480013682497,7.725123332183202,12.315643318500705,3.7,dumb
210,475,car,home,4_4,3.0,9.564537901687075,15.421580104330506,7.950767432638097,16.529187328307593,7.4,dumb
211,480,car,home,3_4,1.0,6.376330636512215,16.776564834476492,7.571642629412109,14.795077794935617,7.4,dumb
212,481,car,home,2_4,8.0,25.45251729578092,19.008665491622146,9.474416523593451,14.465751031971305,3.7,dumb
213,484,car,home,2_3,1.0,3.181564661972615,18.430058458814077,7.945669368040461,13.515610909226384,3.7,dumb
214,486,car,home,3_1,1.0,4.504088932420321,16.078718128732348,10.238109606429857,18.15939147769751,7.4,dumb
215,490,car,home,1_5,1.0,4.504073987608114,17.003267906095417,7.673275400606757,14.67000749451134,7.4,dumb
216,491,car,home,3_3,1.0,3.1815742778897844,20.190563674790834,9.285634819613804,13.09507114482297,7.4,dumb
217,492,car,home,2_3,1.0,3.181564661972615,17.752794618766654,8.879091591474465,15.126296972707811,3.7,dumb
218,497,car,home,2_5,1.0,4.504088932753243,16.69434938062098,8.369548954635478,15.675199574014497,3.7,dumb
219,501,car,work,1_5,3.639679907348322,16.393387593907487,9.425235640118755,15.676602604830912,6.251366964712156,11.0,dumb
220,502,car,work,1_4,3.0244702879732905,9.642495280615174,9.062697292294512,17.458546806878026,8.395849514583514,11.0,dumb
221,506,car,work,1_4,10.742794240443455,34.24974719573462,6.418978987626118,17.1983782388345,10.779399251208382,7.4,dumb
222,507,car,work,2_4,3.989292845498161,12.718546195302762,8.510340449479465,19.66942024904417,11.159079799564704,11.0,dumb
223,509,car,work,2_1,1.107539517912308,7.047417183533695,8.035244297795249,16.560907400147446,8.525663102352198,7.4,dumb
224,515,car,work,1_4,6.019573334539295,19.191363096017522,8.07176548518645,16.40037987305757,8.32861438787112,11.0,dumb
225,517,car,work,2_2,1.0,4.504088932420321,7.681082487249296,17.910904877041947,10.229822389792652,11.0,dumb
226,521,car,work,2_3,3.6879919260438023,11.733584785541282,10.545643390710843,18.76178961655038,8.216146225839537,7.4,dumb
227,522,car,work,3_3,1.5539308099652056,4.943946294605737,9.835782651877306,15.343568086149098,5.507785434271792,11.0,dumb
228,526,car,work,1_4,4.097434679453427,13.063277465930764,8.419774110989353,13.250597278581145,4.830823167591792,11.0,dumb
229,528,motorcycle,work,0_3,1.0,1.2511267716209986,10.242266561023671,17.30300100844093,7.060734447417259,7.4,dumb
230,531,motorcycle,work,2_3,2.154252642846073,3.807718933959308,10.240210190606449,18.11775782225908,7.8775476316526305,7.4,dumb
231,532,car,work,5_3,1.0,10.079820717172224,8.73583178745578,14.268176478766993,5.532344691311213,7.4,dumb
232,533,car,work,2_4,6.32761036285296,20.13170152578371,9.720513184111033,15.158970100237406,5.438456916126373,11.0,dumb
233,534,car,work,2_5,3.3183251505683793,10.557466036297448,9.011288947104607,19.674967669010115,10.663678721905509,7.4,dumb
234,536,car,work,0_3,1.0,6.37630759286875,9.964914749375248,16.43644554511975,6.471530795744501,11.0,dumb
235,537,car,work,1_2,3.3276133753880712,10.586978862977872,9.514839587309803,20.110683917777216,10.595844330467413,11.0,dumb
236,538,car,work,2_2,3.0259444383274183,13.629122855101436,10.384676387498368,18.95349180820213,8.568815420703762,7.4,dumb
237,544,car,work,2_5,1.9030233062699218,13.560994158675896,7.724322714080563,18.582284944379687,10.857962230299124,7.4,dumb
238,547,car,work,1_5,5.510615032717444,24.82021782458488,10.10489721506467,22.227933589301017,12.123036374236348,11.0,dumb
239,549,car,work,5_4,1.5147450539436855,19.90917095731086,8.130007815955574,21.29496317729081,13.164955361335236,7.4,dumb
240,551,car,work,2_3,3.8683815983456977,12.33306051068995,9.551716007396003,14.717737968490187,5.166021961094184,11.0,dumb
241,553,car,work,1_4,1.8402284639986646,13.113476825960296,9.597890890829978,18.52078677704237,8.922895886212393,11.0,dumb
242,555,car,work,2_2,7.6340717843129315,24.288293014495707,8.589674046249256,17.40517056051974,8.815496514270484,11.0,dumb
243,556,car,work,3_1,1.1101879895721705,7.901386059883714,8.303307019517787,17.39435125062534,9.091044231107555,11.0,dumb
244,565,car,work,0_3,1.1134364699195591,12.79088463741549,10.777047183308834,22.541864807825135,11.7648176245163,7.4,dumb
245,567,motorcycle,work,4_4,1.0,1.7712083078351695,7.916258586021355,15.744564870700547,7.828306284679192,7.4,dumb
246,569,motorcycle,work,5_2,1.0238984607704105,3.2673236348172936,9.990588830610408,15.703066455123519,5.712477624513111,7.4,dumb
247,572,motorcycle,work,2_4,1.0,1.2511358146226697,8.168810284376887,21.298304679174475,13.129494394797588,7.4,dumb
248,573,car,work,4_4,2.7528690503558226,19.61701729432674,9.703218192050292,18.180768349441653,8.477550157391361,11.0,dumb
249,578,car,work,0_3,1.9809070722446969,8.922117132643361,8.738453144201518,15.434291068138648,6.69583792393713,11.0,dumb
250,579,motorcycle,work,1_4,1.0892398143366753,1.3627824205132635,9.182145509416486,20.619809253315527,11.43766374389904,7.4,dumb
251,583,car,work,2_3,1.847428211609112,11.779848707271283,8.853624115391613,17.696964925974246,8.843340810582633,7.4,dumb
252,584,car,work,1_4,1.0,3.188160028867947,9.583134867393275,16.14084532632647,6.557710458933196,7.4,dumb
253,589,car,work,2_4,1.444485621392145,4.595724407748802,10.198173467352584,18.510834235664806,8.312660768312222,7.4,dumb
254,593,car,work,4_4,1.0,6.37634990820661,7.4585696996992485,17.933953047973628,10.475383348274379,11.0,dumb
255,597,car,work,1_4,2.2283957847623572,10.036859487889442,9.594941236617949,14.165799394526022,4.570858157908074,7.4,dumb
256,601,motorcycle,work,3_4,2.300862775228279,2.033434950727888,8.186049048774064,17.746643142337746,9.560594093563681,7.4,dumb
257,604,car,work,0_3,1.0,6.37630759286875,6.791996758266027,15.01885669893726,8.226859940671233,7.4,dumb
258,614,car,work,2_3,1.3955965839106788,4.449400008841744,8.372852679009114,17.948139404516134,9.57528672550702,7.4,dumb
259,615,car,work,2_4,3.8671655772830125,12.329183628387339,9.107410345149304,19.623812258888123,10.516401913738818,11.0,dumb
260,621,car,work,1_2,2.961784494298966,13.340044341321828,9.201049404528096,16.117353839015344,6.916304434487248,7.4,dumb
261,625,car,work,2_3,6.594044912811947,20.979380274062784,9.921620699596023,15.255693316416924,5.334072616820901,11.0,dumb
262,626,car,work,2_2,3.239798331179997,14.592339807075794,9.668862095171532,17.879109565178354,8.210247470006822,11.0,dumb
263,627,car,work,1_4,3.984136558731468,12.70206492609916,9.390266976338705,18.100230336707078,8.709963360368373,11.0,dumb
264,629,car,work,2_4,5.777424374928691,18.381249228492344,9.109642011032136,18.28391767315443,9.174275662122295,11.0,dumb
265,631,car,work,2_3,9.974188942817344,31.733527072305655,8.1665674824763,17.11564100305272,8.94907352057642,11.0,dumb
266,633,car,work,4_4,1.0,3.188179300562358,8.68379374218113,15.178247508242626,6.494453766061495,7.4,dumb
267,636,car,work,2_5,1.3349376225892264,8.494380732050208,8.294940619965734,15.768378952992258,7.4734383330265235,7.4,dumb
268,638,car,work,1_4,1.0,3.188160028867947,10.486384205524978,15.60022227784258,5.113838072317602,7.4,dumb
269,640,car,work,2_4,5.127943746735514,23.09663803958912,7.7534119905360726,19.45313964013862,11.699727649602547,7.4,dumb
270,641,car,work,1_2,1.0,4.504073987281552,10.1573592605921,18.878211163508258,8.720851902916158,11.0,dumb
271,646,car,work,2_4,1.0111333527996798,4.554219432178455,9.293713014667897,15.368889736732616,6.075176722064718,7.4,dumb
272,647,car,work,2_2,6.666757136444672,21.210718914638598,7.652757758131136,13.555535259002333,5.902777500871197,7.4,dumb
273,648,car,work,2_4,2.6367660089498397,16.778083111659736,8.686321483665395,14.680951858998412,5.994630375333017,7.4,dumb
274,653,car,work,3_0,3.300510015346717,14.865790631100806,8.266754901216798,16.587551307876353,8.320796406659555,11.0,dumb
275,657,car,work,2_4,1.5116196673066797,6.808469413879408,8.429233198929406,17.819615892180508,9.390382693251102,7.4,dumb
276,658,car,work,3_0,8.240820561722673,26.218782726315535,9.880471576039497,18.925583056938088,9.04511148089859,7.4,dumb
277,660,car,work,2_3,1.0,3.181564661878489,9.402294072790054,19.777218386629087,10.374924313839033,11.0,dumb
278,661,car,work,3_4,2.865001255252709,9.134112792860591,9.461694272129646,16.49874328688976,7.037049014760113,7.4,dumb
279,664,car,work,3_2,2.613047055120448,16.62720659479151,9.066599199321573,17.464463768028182,8.39786456870661,7.4,dumb
280,670,car,work,2_4,4.8802958670314,31.118474103766765,9.190891440401195,15.366168529098708,6.175277088697513,7.4,dumb
281,671,car,work,2_2,1.8882915137056915,13.439229100643425,10.017395104839247,17.651339361473088,7.633944256633841,11.0,dumb
282,672,motorcycle,work,4_4,1.1967004842328879,2.3688108726957458,8.456664117303529,15.549387297651084,7.092723180347555,7.4,dumb
283,674,car,work,2_3,1.0,4.504088932530409,8.352569260463817,17.12560376102855,8.773034500564734,7.4,dumb
284,677,car,work,5_4,1.08398829439465,10.926407667192283,10.083951935340178,16.486535278673124,6.402583343332946,11.0,dumb
285,678,car,work,1_4,10.637922847068955,33.915400411206356,9.497547378592776,19.556524357683408,10.058976979090632,11.0,dumb
286,679,car,work,2_4,4.344616855047884,19.568475762216384,9.374619349325313,17.84059777761369,8.465978428288379,11.0,dumb
287,680,car,work,2_4,4.454515170231896,20.063532478525637,6.7593262184791865,15.270975285605068,8.511649067125882,7.4,dumb
288,682,car,work,2_5,1.0,9.544693985883567,9.077308279554853,16.479365114111058,7.4020568345562054,11.0,dumb
289,684,car,work,4_4,3.9679333296194885,12.650509917369579,10.154993259884154,15.758706301817238,5.603713041933084,7.4,dumb
290,687,car,work,1_5,6.896811106362876,21.942571198653656,7.854353082539788,17.197064809735053,9.342711727195265,7.4,dumb
291,689,car,work,1_4,3.2513218537547326,14.644194186321602,8.755147009143204,21.74238473593472,12.987237726791516,11.0,dumb
292,695,car,work,1_3,1.2562342139094884,5.658171845002391,8.398943625413624,19.256954892274543,10.858011266860919,11.0,dumb
293,701,car,work,2_5,4.781846677006574,21.53786269602818,8.469553993805638,16.04399133763061,7.5744373438249735,11.0,dumb
294,702,car,work,3_4,1.0,3.1815742778897844,9.015071584457836,20.697664440636643,11.682592856178807,7.4,dumb
295,709,car,work,2_3,1.0,4.504073987281552,9.155019940529966,16.939188231961133,7.7841682914311665,11.0,dumb
296,713,car,work,4_4,1.0,4.504101213578979,9.154734092013546,16.044280311457825,6.889546219444279,11.0,dumb
297,714,car,work,1_3,4.4493390793182845,20.040152408459594,7.917177956849421,12.696540473245413,4.7793625163959925,7.4,dumb
298,715,car,work,1_4,1.7123708623769764,12.187177751802007,9.975511111752391,15.470228704931188,5.494717593178796,7.4,dumb
299,717,car,work,4_4,2.21380568626931,19.942382568417774,8.504720773284868,19.346755128785354,10.842034355500486,7.4,dumb
300,718,car,work,0_3,3.657931632806962,36.87107217759497,9.387418019449994,16.577968681941538,7.190550662491544,7.4,dumb
301,720,car,work,2_4,5.195658339515888,23.401707224800596,10.446662349260043,15.003401643214564,4.5567392939545215,11.0,dumb
302,722,car,work,1_3,1.0485159318544774,6.68568425895384,9.71672755319552,16.605505559802893,6.888778006607373,7.4,dumb
303,725,car,work,2_3,2.411880782973188,10.863325541423285,9.184350954445781,17.10651751362647,7.92216655918069,11.0,dumb
304,729,car,work,2_4,1.0,3.181564661972615,10.490390272311563,20.021045393512985,9.530655121201422,11.0,dumb
305,730,car,work,1_4,2.9757662728584564,9.48721908638068,11.08651747919415,15.454858953547454,4.368341474353304,11.0,dumb
306,743,motorcycle,work,2_4,1.6479720119391406,2.0618368056805254,9.306474050156611,20.452705386574284,11.146231336417673,7.4,dumb
307,744,car,work,3_1,1.6788311927135962,16.023978418610092,8.701351208052163,17.06508937751881,8.363738169466647,11.0,dumb
308,747,car,work,4_4,1.6809181914921807,16.07715874593637,8.011199306955682,19.620449274677686,11.609249967722004,11.0,dumb
309,748,car,work,1_3,3.432544442639185,15.460434134824327,10.135107375512181,19.4343972154403,9.299289839928118,7.4,dumb
310,753,car,work,1_4,3.3118155415905948,10.558597932682787,8.719651850448326,16.914308039508438,8.194656189060112,7.4,dumb
311,754,car,work,1_4,2.1077906081289948,6.719973766060123,10.088898818220262,17.509683529662574,7.420784711442312,11.0,dumb
312,757,car,work,1_4,1.0,3.188160028867947,10.448421968541746,19.011700540579227,8.56327857203748,7.4,dumb
313,758,motorcycle,work,3_4,3.3298346966851975,2.9489114189682724,8.27752246673915,19.94171586015273,11.66419339341358,7.4,dumb
314,759,car,work,3_4,5.551205405715703,25.003122830664715,10.191230095687377,18.795861808207754,8.604631712520376,7.4,dumb
315,761,car,work,2_4,2.592382684413515,8.264958278213088,10.533077813358336,16.87186651592498,6.338788702566646,7.4,dumb
316,768,car,work,4_5,1.0,7.126026315051463,9.268285663197963,18.541441230686818,9.273155567488855,11.0,dumb
317,773,car,work,1_3,1.511371062068589,6.807327086033332,8.553969562884504,14.446426290046075,5.892456727161571,11.0,dumb
318,777,car,work,2_3,3.7978221815575033,12.10810505199892,8.914014361583652,18.397816554069436,9.483802192485784,11.0,dumb
319,784,car,work,2_4,4.552542043520213,14.484206887808504,9.291469577680889,18.109122813447424,8.817653235766535,7.4,dumb
320,786,car,work,0_3,4.7310701920637985,21.309006873521,9.12046143184328,17.83611081295797,8.71564938111469,11.0,dumb
321,791,car,work,2_2,3.1524276631705037,20.059304904812347,10.07163290200224,14.351740835599326,4.280107933597087,11.0,dumb
322,795,car,work,1_5,1.0,7.117136842257763,8.426042971744613,17.19190306049066,8.765860088746047,11.0,dumb
323,796,car,work,4_3,1.7571442959373222,5.60209107231934,9.168429404046522,18.08419346464757,8.915764060601047,11.0,dumb
324,797,car,work,5_4,1.0,7.12604363724342,9.374959300811264,16.17320152596295,6.798242225151684,11.0,dumb
325,800,car,poi,2_4,2.6965773329687024,8.59714859421056,10.992393949020611,13.315947623131574,2.323553674110963,3.7,dumb
326,802,car,poi,4_4,1.0,4.504101213578979,12.902138257279884,14.119462909598527,1.2173246523186432,3.7,dumb
327,805,motorcycle,poi,2_2,1.0,0.8837679616329137,11.74563506145681,11.865063164380176,0.11942810292336681,7.4,dumb
328,809,car,poi,1_2,1.770700458687346,7.975365875241187,10.850367150873826,11.575400412259388,0.7250332613855619,11.0,dumb
329,818,car,poi,1_2,1.3603697817228335,9.68193789221437,14.627358145990325,15.507534318009814,0.880176172019489,11.0,dumb
330,820,car,poi,2_4,1.861405530408343,5.9344587095616195,13.878658912499887,14.680612792170376,0.8019538796704886,7.4,dumb
331,822,motorcycle,poi,2_4,5.986559965769846,5.290729898298148,14.24737741437232,14.96234091414234,0.71496349977002,7.4,dumb
332,823,car,poi,1_3,7.8497137087013815,35.35569132421636,12.309697101535493,17.087493226429594,4.777796124894101,7.4,dumb
333,825,car,poi,2_4,1.0,6.363129323842445,15.385052315704915,17.104816997824493,1.7197646821195782,3.7,dumb
334,829,car,poi,4_4,4.197772961961458,18.907194292299625,10.11083359612866,15.220886107560991,5.110052511432331,3.7,dumb
335,831,car,poi,2_4,6.47320138150951,20.594908765242966,9.388242217560972,11.260506650764878,1.872264433203906,11.0,dumb
336,835,car,poi,1_4,2.665559416688895,8.498229986860096,17.9454636585754,18.718030021017224,0.7725663624418253,11.0,dumb
337,836,car,poi,5_4,1.628633141760588,15.577120340902843,16.664997538838783,18.77001380112295,2.105016262284167,7.4,dumb
338,841,car,poi,2_1,5.506027533099089,17.517782626120216,17.040337255533615,21.77487310043097,4.734535844897355,3.7,dumb
339,842,car,poi,1_4,1.8655102319371533,8.402396108988341,14.293222954774391,16.564140822068538,2.2709178672941466,3.7,dumb
340,847,motorcycle,poi,0_3,1.0,1.9794386179745604,18.156186233382368,18.423677938514064,0.26749170513169673,7.4,dumb
341,851,car,poi,3_1,2.027440670533167,14.429620570445438,14.338136557612934,15.649920245835247,1.311783688222313,11.0,dumb
342,852,car,poi,2_4,10.646360751084632,33.87208514426309,11.68951352702059,20.84413113357818,9.15461760655759,3.7,dumb
343,857,car,poi,1_4,1.0,6.363106328085042,12.522784234827684,13.382663468352689,0.859879233525005,7.4,dumb
344,860,motorcycle,poi,4_4,1.5082478774915435,1.3357124064265697,10.004537873050571,10.185039549594702,0.18050167654413052,7.4,dumb
345,862,motorcycle,poi,2_2,4.198274064175587,3.710300112072787,13.042743822456409,14.045527636530135,1.0027838140737266,3.7,dumb
346,870,car,poi,0_3,1.1245858277101473,11.335555003342579,17.32942176720298,18.359926767506852,1.0305050003038723,11.0,dumb
347,876,car,poi,5_3,2.6660739374027376,12.008292495679273,10.632670740051267,13.878155198342963,3.2454844582916955,3.7,dumb
348,877,car,poi,2_4,2.00692974980826,9.039390074700577,9.92463973557967,12.367718134147392,2.4430783985677227,3.7,dumb
349,882,car,poi,1_2,2.689180815124879,8.573538784574822,13.637404461528227,14.795990783768069,1.1585863222398416,7.4,dumb
350,890,car,poi,2_1,1.713855297770134,12.19778315529596,9.521583940980506,11.1699330160205,1.6483490750399952,7.4,dumb
351,894,car,poi,2_4,1.0,3.188160028867947,17.006826065912062,17.296658795809147,0.28983272989708553,11.0,dumb
352,897,car,poi,2_4,1.0,7.117160457773147,19.286636725564478,19.933651312634762,0.6470145870702844,11.0,dumb
353,900,car,poi,2_3,1.6072570636395684,5.124209729096436,17.92413934569501,18.61660011989723,0.6924607742022211,7.4,dumb
354,902,motorcycle,poi,1_4,1.3809598318916312,1.7277625712597864,11.406120513552615,11.873083370649855,0.46696285709723995,3.7,dumb
355,904,car,poi,1_4,4.957723825734568,15.806016935373231,9.238176140089333,11.37412437459923,2.135948234509897,7.4,dumb
356,905,motorcycle,poi,2_4,2.5582265254707486,3.200688827934167,17.5878655379112,18.0203910551996,0.4325255172884006,7.4,dumb
357,913,car,poi,2_2,6.81325167487345,21.6768007612618,11.0611249123975,16.919719712738527,5.858594800341027,3.7,dumb
358,914,car,poi,2_4,3.138113059119927,9.984109614170738,14.129237842969122,15.478441844884086,1.3492040019149645,7.4,dumb
359,915,car,poi,3_0,1.3784157730649924,13.156596502906165,13.636990894887122,14.833045122424046,1.1960542275369246,11.0,dumb
360,922,car,poi,1_4,2.973149674672623,9.459233754839698,13.875972958329827,16.432522621800015,2.5565496634701876,3.7,dumb
361,923,car,poi,1_4,1.0,3.188160028867947,14.990953687340351,15.852618560007365,0.8616648726670135,3.7,dumb
362,925,car,poi,2_4,2.312281677191671,7.35667367267979,9.815156406144231,10.809301497046905,0.9941450909026734,7.4,dumb
363,927,car,poi,2_3,3.1055758000958305,9.901105485429786,10.013949070391956,10.91404956906739,0.9001004986754353,11.0,dumb
364,933,car,poi,2_1,1.5190056159027419,15.285899210664889,14.715041242185709,18.846365353176218,4.131324110990509,3.7,dumb
365,936,car,poi,2_3,3.481959079799621,11.078077962725159,15.42921598362507,16.926253546155497,1.4970375625304264,7.4,dumb
366,939,car,poi,2_3,1.627456287808859,7.330207854266252,13.076852419136923,15.05798967704672,1.981137257909797,3.7,dumb
367,941,car,poi,2_3,3.358810322502748,15.12833020236028,12.36965312908311,14.414022075348011,2.0443689462649015,7.4,dumb
368,949,car,poi,2_5,1.8357767253471384,11.68128471343063,12.453820975421587,13.515755949369826,1.0619349739482384,11.0,dumb
369,950,motorcycle,poi,2_4,4.005010404965448,3.5394998820196397,9.155032567567009,9.633343362434527,0.47831079486751804,7.4,dumb
370,951,car,poi,1_3,1.0,3.18155316411417,19.097725056760197,19.52766467353238,0.4299396167721845,7.4,dumb
371,956,car,poi,3_4,1.0,3.188170607644258,16.05666201189638,16.346495703500402,0.2898336916040236,11.0,dumb
372,958,car,poi,1_4,1.5082454993722498,14.425629066293872,10.689835464161849,12.001256288370383,1.3114208242085343,11.0,dumb
373,960,car,poi,3_0,8.450771810574969,26.886758219234924,12.762522691706844,20.029214102310878,7.266691410604034,3.7,dumb
374,963,car,poi,1_4,1.0,3.188160028867947,11.5640843436807,11.853917073577785,0.28983272989708553,11.0,dumb
375,965,motorcycle,poi,1_4,2.2481984472683334,4.450186909937608,12.12474158530981,12.726118194760838,0.6013766094510284,7.4,dumb
376,966,car,poi,2_5,1.0,6.3631293240313545,12.288918249296735,13.148800590382054,0.8598823410853189,7.4,dumb
377,967,car,poi,4_1,3.066721130295455,21.826405875478983,13.895081287789264,16.844595595286425,2.949514307497161,7.4,dumb
378,968,motorcycle,poi,2_4,1.0,1.2511358146226697,13.730714100402576,13.899786507784018,0.16907240738144225,7.4,dumb
379,970,car,poi,1_5,1.175288881814705,5.29358808050664,12.235547661201192,12.950897401810197,0.715349740609005,7.4,dumb
380,975,car,poi,2_5,1.3949776064803414,6.283103198786714,12.779051004670194,13.628119004506237,0.8490679998360431,7.4,dumb
381,980,car,poi,2_4,1.0,6.37634990820661,13.669564287473001,14.531233193987408,0.8616689065144065,7.4,dumb
382,981,motorcycle,poi,2_1,1.0,2.651303884889075,9.86402271462398,10.580591332161568,0.7165686175375878,3.7,dumb
383,983,car,poi,1_3,3.0817965671297984,9.82526063208002,11.45088642935952,12.344091941366793,0.8932055120072739,11.0,dumb
384,987,car,poi,2_2,1.0,3.181564661878489,15.745991636801904,16.605873977850145,0.859882341048241,3.7,dumb
385,990,motorcycle,poi,0_3,3.2602277664020716,4.07895824031309,18.014897216984608,18.56610778999989,0.5512105730152825,7.4,dumb
386,991,car,poi,1_5,4.003872947514383,18.03373999258736,15.474623280379458,20.348607062159825,4.8739837817803675,3.7,dumb
387,993,car,poi,1_4,1.411237539374408,4.499251114271443,10.504513972378565,11.720527787046523,1.2160138146679582,3.7,dumb
388,995,car,poi,0_3,1.5832235579939362,10.095120394045413,12.633296463113686,13.997501921768471,1.3642054586547854,7.4,dumb
389,996,car,poi,2_2,4.04860973177199,18.235298284980985,12.40069467227904,17.329153668219845,4.928458995940806,3.7,dumb
390,997,motorcycle,poi,2_4,4.787152487450041,4.23073199598482,9.4198015788033,9.99152211880125,0.5717205399979495,7.4,dumb
391,999,motorcycle,poi,1_3,1.211202542767326,2.1452855222879412,12.982654498448372,13.272557947406202,0.2899034489578298,7.4,dumb
