Origin,Destination,Flow,Travel Time (min),Travel Distance (km),Centroid Distance (km)
0_0,0_1,0.0,16.092078779541797,8.046039389770899,4.936220484522024
0_0,0_2,6.588681223058257,32.18428027448609,16.092140137243046,9.872478611805551
0_0,0_3,3.1808869860213216,48.27660452877814,24.13830226438907,14.808774395330717
0_0,0_4,0.0,64.36905158606767,32.184525793033835,19.745107848487017
0_0,0_5,0.046335474021368846,80.46162148971601,40.230810744858005,24.681478984575463
0_0,1_0,0.0,12.517758779824113,6.258879389912057,3.8398033066945136
0_0,1_1,0.0,20.385101357722686,10.192550678861343,6.253098575988554
0_0,1_2,22.31538894210053,34.53010663681843,17.265053318409215,10.592057250557803
0_0,1_3,9.210854498183487,49.87017002812479,24.935085014062395,15.297598168136439
0_0,1_4,3.1069487610115543,65.57195283605562,32.78597641802781,20.11409596198025
0_0,1_5,0.22693386536603197,81.42654081336342,40.71327040668171,24.977466507166696
0_0,2_0,0.0,25.035516835549984,12.517758417774992,7.679606391273002
0_0,2_1,42.18936502740772,29.75473735136179,14.877368675680895,9.127220046429997
0_0,2_2,41.68371957235034,40.76554097223316,20.38277048611658,12.504767169396676
0_0,2_3,30.94643314415948,54.37135057875502,27.18567528937751,16.678328398391113
0_0,2_4,11.124722566373597,69.05504726201555,34.527523631007774,21.182529834974094
0_0,2_5,0.23200741659829358,84.25502098237294,42.12751049118647,25.845098460850597
0_0,3_0,10.935024456033034,37.5532734430794,18.7766367215397,11.519409031619448
0_0,3_1,9.19809808384606,40.84520783508478,20.42260391754239,12.52920485738797
0_0,3_2,2.1526649901600075,49.44017584077687,24.720087920388433,15.165698110667751
0_0,3_3,15.231646130922973,61.14131296689271,30.570656483446353,18.75500397757445
0_0,3_4,3.8181757976464423,74.49919700268194,37.24959850134097,22.852514418000595
0_0,3_5,0.0593223561014284,88.76910194163105,44.384550970815525,27.229785871665968
0_0,4_0,0.6786667059747347,50.07102787831168,25.03551393915584,15.35921100561708
0_0,4_1,0.0,52.57862684349618,26.28931342174809,16.128413142176743
0_0,4_2,0.09839812126209033,59.496496133524175,29.748248066762088,18.250458936663858
0_0,4_3,0.6495371339808842,69.52037715544954,34.76018857772477,21.325269066088815
0_0,4_4,1.0275626347447928,81.51241146141237,40.756205730706185,25.003807196752263
0_0,4_5,0.0,94.72811654194072,47.36405827097036,29.057704460718014
0_0,5_0,0.0,62.58877941714615,31.29438970857308,19.19901209114913
0_0,5_1,0.0,64.60562772648389,32.302813863241944,19.81767721671285
0_0,5_2,0.03774638773096798,70.34440469421654,35.17220234710827,21.578038249759675
0_0,5_3,0.01757633187390732,78.9981745058527,39.49908725292635,24.232568866825982
0_0,5_4,0.23165605782664184,89.72752032035663,44.863760160178316,27.5237792393732
0_0,5_5,0.011647335244080058,101.87883057181615,50.939415285908076,31.251175022029496
0_1,0_0,0.0,16.092078779541797,8.046039389770899,4.936220484522024
0_1,0_2,168.1003775534833,16.09220149494328,8.04610074747164,4.936258127283215
0_1,0_3,81.15558868348859,32.18452574923543,16.092262874617717,9.872553910808415
0_1,0_4,0.0,48.27697280652606,24.13848640326303,14.80888736396505
0_1,0_5,1.1821805325551575,64.36954271017399,32.184771355086994,19.74525850005337
0_1,1_0,0.0,20.385101357722686,10.192550678861343,6.253098575988554
0_1,1_1,0.0,12.510014373673041,6.2550071868365205,3.8374277219855957
0_1,1_2,479.58566122386895,20.38044275699303,10.190221378496515,6.2516695573598255
0_1,1_3,219.94937082748157,34.527527724743706,17.263763862371853,10.591266173234267
0_1,1_4,76.5938597670129,49.86858217533158,24.93429108766579,15.29711109672748
0_1,1_5,5.670193904154208,65.57095593279577,32.785477966397885,20.113790163434285
0_1,2_0,0.0,29.75473735136179,14.877368675680895,9.127220046429997
0_1,2_1,394.74762628379585,25.020028022291637,12.510014011145818,7.674855221561852
0_1,2_2,679.7090734189724,29.74177036977892,14.87088518488946,9.12324244471746
0_1,2_3,634.4074866176317,40.756221043118025,20.378110521559012,12.501908295434978
0_1,2_4,250.7822615146751,54.36454365030323,27.182271825151616,16.6762403835286
0_1,2_5,5.473309723841909,69.04988722134411,34.524943610672054,21.180947000412303
0_1,3_0,50.355263269047256,40.84520783508478,20.42260391754239,12.52920485738797
0_1,3_1,75.92115977171684,37.53004022080134,18.76502011040067,11.51228227631943
0_1,3_2,28.37821135446837,40.82389267748851,20.411946338744254,12.522666465487273
0_1,3_3,264.09323295066537,49.422684443277305,24.711342221638652,15.160332651312057
0_1,3_4,76.60946513956,61.12732898456039,30.5636644922802,18.75071441244184
0_1,3_5,1.2898095134567262,74.48790445259905,37.24395222629953,22.849050445582535
0_1,4_0,3.3494054669470117,52.57862684349618,26.28931342174809,16.128413142176743
0_1,4_1,0.0,50.04005024414522,25.02002512207261,15.349708663848228
0_1,4_2,1.1193780550447179,52.54915975866958,26.27457987933479,16.1193741591011
0_1,4_3,9.718546865913476,59.47055187939457,29.735275939697285,18.242500576501403
0_1,4_4,18.28742526327804,69.49831317393682,34.74915658696841,21.31850097360025
0_1,4_5,0.0,81.49376070385341,40.746880351926706,24.99808610547651
0_1,5_0,0.0,64.60562772648389,32.302813863241944,19.81767721671285
0_1,5_1,0.0,62.55005736726647,31.275028683633234,19.187134161738182
0_1,5_2,0.3872082970316029,64.56813908318206,32.28406954159103,19.806177632877933
0_1,5_3,0.23318058981155199,70.31005411281414,35.15502705640707,21.567501261599432
0_1,5_4,3.6904147116456345,78.9677080063514,39.4838540031757,24.22322331483172
0_1,5_5,0.21030870045211034,89.7008475027248,44.8504237513624,27.515597393473865
0_2,0_0,0.0,32.18428027448609,16.092140137243046,9.872478611805551
0_2,0_1,0.0,16.09220149494328,8.04610074747164,4.936258127283215
0_2,0_3,712.3223472379334,16.09232425429209,8.046162127146046,4.936295783525182
0_2,0_4,0.0,32.184771311582395,16.092385655791198,9.872629236681716
0_2,0_5,10.376286161794459,48.27734121522949,24.138670607614745,14.809000372769784
0_2,1_0,0.0,34.53010663681843,17.265053318409215,10.592057250557803
0_2,1_1,0.0,20.38044275699303,10.190221378496515,6.2516695573598255
0_2,1_2,2037.7239569185283,12.502262404261716,6.251131202130858,3.835049817258195
0_2,1_3,1626.4756600727799,20.3757814350953,10.18789071754765,6.2502397040169635
0_2,1_4,629.2714847414896,34.524947708519356,17.262473854259678,10.590474757214526
0_2,1_5,48.090988406404584,49.86699371499052,24.93349685749526,15.29662383895415
0_2,2_0,0.0,40.76554097223316,20.38277048611658,12.504767169396676
0_2,2_1,551.1658944561682,29.74177036977892,14.87088518488946,9.12324244471746
0_2,2_2,2188.3669973090523,25.004524082514447,12.502262041257223,7.670099411814248
0_2,2_3,3559.9871309703412,29.72879311925095,14.864396559625474,9.119261693021764
0_2,2_4,1769.026564674281,40.74689568096419,20.373447840482093,12.49904775489699
0_2,2_5,42.45258928007214,54.35773346914919,27.178866734574594,16.67415137090466
0_2,3_0,49.938543507572824,49.44017584077687,24.720087920388433,15.165698110667751
0_2,3_1,120.2534675713604,40.82389267748851,20.411946338744254,12.522666465487273
0_2,3_2,80.59488832366638,37.50678430874924,18.75339215437462,11.505148560966026
0_2,3_3,1198.1093943993194,40.802558800351434,20.401279400175717,12.516122331396147
0_2,3_4,457.0998869254722,49.40518065405645,24.702590327028226,15.154963390814864
0_2,3_5,8.905101509121215,61.113336866639,30.556668433319498,18.746422351729755
0_2,4_0,3.8520331141469515,59.496496133524175,29.748248066762088,18.250458936663858
0_2,4_1,0.0,52.54915975866958,26.27457987933479,16.1193741591011
0_2,4_2,2.968212041880674,50.00904235695468,25.00452117847734,15.340197042010638
0_2,4_3,38.04615033868922,52.51966565467893,26.259832827339466,16.110326887938324
0_2,4_4,94.16354039470309,59.4445871050543,29.72229355252715,18.2345359217958
0_2,4_5,0.0,69.47623439467685,34.738117197338426,21.311728341925416
0_2,5_0,0.0,70.34440469421654,35.17220234710827,21.578038249759675
0_2,5_1,0.0,64.56813908318206,32.28406954159103,19.806177632877933
0_2,5_2,0.9838411159519432,62.51129750111934,31.25564875055967,19.175244632245196
0_2,5_3,0.8231265504759365,64.53061531985543,32.265307659927714,19.794667276029273
0_2,5_4,16.84894300946115,70.27567456240034,35.13783728120017,21.55695538723937
0_2,5_5,1.1529709693318215,78.93721898798168,39.46860949399084,24.213870855209105
0_3,0_0,0.0,48.27660452877814,24.13830226438907,14.808774395330717
0_3,0_1,0.0,32.18452574923543,16.092262874617717,9.872553910808415
0_3,0_2,345.8565766172768,16.09232425429209,8.046162127146046,4.936295783525182
0_3,0_4,0.0,16.092447057288837,8.046223528644418,4.936333453156085
0_3,0_5,41.74184655194903,32.185016960937354,16.092508480468677,9.872704589244588
0_3,1_0,0.0,49.87017002812479,24.935085014062395,15.297598168136439
0_3,1_1,0.0,34.527527724743706,17.263763862371853,10.591266173234267
0_3,1_2,987.1361363386353,20.3757814350953,10.18789071754765,6.2502397040169635
0_3,1_3,3168.198936822469,12.494502876123654,6.247251438061827,3.8326695939029616
0_3,1_4,2133.092593887575,20.37111740132632,10.18555870066316,6.248809018811754
0_3,1_5,181.0976221129038,34.52236659408367,17.261183297041836,10.589683004320145
0_3,2_0,0.0,54.37135057875502,27.18567528937751,16.678328398391113
0_3,2_1,202.3168506696552,40.756221043118025,20.378110521559012,12.501908295434978
0_3,2_2,1400.0802066950096,29.72879311925095,14.864396559625474,9.119261693021764
0_3,2_3,5254.239784165691,24.989005025285504,12.494502512642752,7.665338964811505
0_3,2_4,4551.157119415046,29.715805617464085,14.857902808732042,9.115277796768124
0_3,2_5,137.27937134206437,40.73756490441156,20.36878245220578,12.49618555350048
0_3,3_0,17.252228774176473,61.14131296689271,30.570656483446353,18.75500397757445
0_3,3_1,54.63976283987799,49.422684443277305,24.711342221638652,15.160332651312057
0_3,3_2,58.49724549551479,40.802558800351434,20.401279400175717,12.516122331396147
0_3,3_3,1559.769485797864,37.48350572052377,18.741752860261887,11.49800788973122
0_3,3_4,950.7466842030209,40.781206225499645,20.390603112749822,12.509572461809707
0_3,3_5,24.359569346428422,49.387664501965865,24.693832250982933,15.14959033802634
0_3,4_0,1.5432513735169873,69.52037715544954,34.76018857772477,21.325269066088815
0_3,4_1,0.0,59.47055187939457,29.735275939697285,18.242500576501403
0_3,4_2,2.309086497255791,52.51966565467893,26.259832827339466,16.110326887938324
0_3,4_3,46.24395301305968,49.978004234874184,24.989002117437092,15.330676145666928
0_3,4_4,169.00340397736343,52.490144556770524,26.245072278385262,16.101271336432678
0_3,4_5,0.0,59.418601845920115,29.709300922960058,18.22656498341108
0_3,5_0,0.0,78.9981745058527,39.49908725292635,24.232568866825982
0_3,5_1,0.0,70.31005411281414,35.15502705640707,21.567501261599432
0_3,5_2,0.7993115251101451,64.53061531985543,32.265307659927714,19.794667276029273
0_3,5_3,0.9586557021584187,62.47249984137254,31.236249920686273,19.16334350962348
0_3,5_4,27.266895894034032,64.49305646528803,32.24652823264402,19.78314615499633
0_3,5_5,2.4134209423376736,70.24126608296312,35.12063304148156,21.546400638945745
0_4,0_0,0.0,64.36905158606767,32.184525793033835,19.745107848487017
0_4,0_1,0.0,48.27697280652606,24.13848640326303,14.80888736396505
0_4,0_2,26.68557884259139,32.184771311582395,16.092385655791198,9.872629236681716
0_4,0_3,221.09904944037834,16.092447057288837,8.046223528644418,4.936333453156085
0_4,0_5,55.27416261581469,16.0925699036479,8.04628495182395,4.9363711360883125
0_4,1_0,0.0,65.57195283605562,32.78597641802781,20.11409596198025
0_4,1_1,0.0,49.86858217533158,24.93429108766579,15.29711109672748
0_4,1_2,90.42724876724047,34.524947708519356,17.262473854259678,10.590474757214526
0_4,1_3,505.05827522523555,20.37111740132632,10.18555870066316,6.248809018811754
0_4,1_4,1368.0743466347294,12.486735793797102,6.243367896898551,3.830287053311995
0_4,1_5,202.106598303901,20.366450665033685,10.183225332516843,6.247377504611561
0_4,2_0,0.0,69.05504726201555,34.527523631007774,21.182529834974094
0_4,2_1,19.44018395467143,54.36454365030323,27.182271825151616,16.6762403835286
0_4,2_2,169.11364162052467,40.74689568096419,20.373447840482093,12.49904775489699
0_4,2_3,1106.2712551137085,29.715805617464085,14.857902808732042,9.115277796768124
0_4,2_4,2211.5515312535217,24.973470859681274,12.486735429840637,7.660573883337815
0_4,2_5,116.29190986334716,29.702807882146335,14.851403941073167,9.111290761394581
0_4,3_0,1.6948060851886135,74.49919700268194,37.24959850134097,22.852514418000595
0_4,3_1,6.2115457736081305,61.12732898456039,30.5636644922802,18.75071441244184
0_4,3_2,8.74612709647247,49.40518065405645,24.702590327028226,15.154963390814864
0_4,3_3,372.5894440430749,40.781206225499645,20.390603112749822,12.509572461809707
0_4,3_4,407.4924830069401,37.46020446973963,18.730102234869815,11.490860266791298
0_4,3_5,16.683504218144513,40.75983497481161,20.379917487405805,12.503016863439145
0_4,4_0,0.17104235424591446,81.51241146141237,40.756205730706185,25.003807196752263
0_4,4_1,0.0,69.49831317393682,34.74915658696841,21.31850097360025
0_4,4_2,0.40038236022975826,59.4445871050543,29.72229355252715,18.2345359217958
0_4,4_3,11.840175139646902,52.490144556770524,26.245072278385262,16.101271336432678
0_4,4_4,67.626221243682,49.94693589605676,24.97346794802838,15.32114598038551
0_4,4_5,0.0,52.46059649025464,26.23029824512732,16.09220751234805
0_4,5_0,0.0,89.72752032035663,44.863760160178316,27.5237792393732
0_4,5_1,0.0,78.9677080063514,39.4838540031757,24.22322331483172
0_4,5_2,0.15381856692828846,70.27567456240034,35.13783728120017,21.55695538723937
0_4,5_3,0.2563435148807808,64.49305646528803,32.24652823264402,19.78314615499633
0_4,5_4,10.454344434910329,62.43366441071734,31.21683220535867,19.15143080083354
0_4,5_5,1.2859805263823976,64.45546254830853,32.227731274154266,19.771614278622252
0_5,0_0,0.0,80.46162148971601,40.230810744858005,24.681478984575463
0_5,0_1,0.0,64.36954271017399,32.184771355086994,19.74525850005337
0_5,0_2,8.444782900827475,48.27734121522949,24.138670607614745,14.809000372769784
0_5,0_3,69.96788351928319,32.185016960937354,16.092508480468677,9.872704589244588
0_5,0_4,0.0,16.0925699036479,8.04628495182395,4.9363711360883125
0_5,1_0,0.0,81.42654081336342,40.71327040668171,24.977466507166696
0_5,1_1,0.0,65.57095593279577,32.785477966397885,20.113790163434285
0_5,1_2,30.577380830630958,49.86699371499052,24.93349685749526,15.29662383895415
0_5,1_3,189.72293957224284,34.52236659408367,17.261183297041836,10.589683004320145
0_5,1_4,894.2435289042172,20.366450665033685,10.183225332516843,6.247377504611561
0_5,1_5,531.7845104260166,12.478961161824984,6.239480580912492,3.8279021968788296
0_5,2_0,0.0,84.25502098237294,42.12751049118647,25.845098460850597
0_5,2_1,6.9661299324750265,69.04988722134411,34.524943610672054,21.180947000412303
0_5,2_2,66.6325542021672,54.35773346914919,27.178866734574594,16.67415137090466
0_5,2_3,547.8770025701208,40.73756490441156,20.36878245220578,12.49618555350048
0_5,2_4,1909.3585630454495,29.702807882146335,14.851403941073167,9.111290761394581
0_5,2_5,231.8241068551889,24.957921594787628,12.478960797393814,7.655804170180255
0_5,3_0,0.6300091993785721,88.76910194163105,44.384550970815525,27.229785871665968
0_5,3_1,2.50211485255357,74.48790445259905,37.24395222629953,22.849050445582535
0_5,3_2,4.076692457902676,61.113336866639,30.556668433319498,18.746422351729755
0_5,3_3,228.40191378725748,49.387664501965865,24.693832250982933,15.14959033802634
0_5,3_4,399.16428930222446,40.75983497481161,20.379917487405805,12.503016863439145
0_5,3_5,29.332760979347217,37.43688057002561,18.718440285012804,11.483705696326874
0_5,4_0,0.06978599143140778,94.72811654194072,47.36405827097036,29.057704460718014
0_5,4_1,0.0,81.49376070385341,40.746880351926706,24.99808610547651
0_5,4_2,0.21640922201195945,69.47623439467685,34.738117197338426,21.311728341925416
0_5,4_3,8.417695559317961,59.418601845920115,29.709300922960058,18.22656498341108
0_5,4_4,71.00614993984973,52.46059649025464,26.23029824512732,16.09220751234805
0_5,4_5,0.0,49.91583735867415,24.957918679337077,15.311606551740539
0_5,5_0,0.0,101.87883057181615,50.939415285908076,31.251175022029496
0_5,5_1,0.0,89.7008475027248,44.8504237513624,27.515597393473865
0_5,5_2,0.09383501356018902,78.93721898798168,39.46860949399084,24.213870855209105
0_5,5_3,0.2022693883059618,70.24126608296312,35.12063304148156,21.546400638945745
0_5,5_4,11.464228702663442,64.45546254830853,32.227731274154266,19.771614278622252
0_5,5_5,2.0224628455758245,62.39479123186851,31.197395615934255,19.139506512843102
1_0,0_0,0.0,12.517758779824113,6.258879389912057,3.8398033066945136
1_0,0_1,0.0,20.385101357722686,10.192550678861343,6.253098575988554
1_0,0_2,1.2180016896795909,34.53010663681843,17.265053318409215,10.592057250557803
1_0,0_3,0.6284248714692314,49.87017002812479,24.935085014062395,15.297598168136439
1_0,0_4,0.0,65.57195283605562,32.78597641802781,20.11409596198025
1_0,0_5,0.009676822411182744,81.42654081336342,40.71327040668171,24.977466507166696
1_0,1_1,0.0,16.092078779541797,8.046039389770899,4.936220484522024
1_0,1_2,6.243375307857171,32.18428027448609,16.092140137243046,9.872478611805551
1_0,1_3,2.4113440117403773,48.27660452877814,24.13830226438907,14.808774395330717
1_0,1_4,0.7857926797478817,64.36905158606767,32.184525793033835,19.745107848487017
1_0,1_5,0.056201062560771224,80.46162148971601,40.230810744858005,24.681478984575463
1_0,2_0,0.0,12.517758779824113,6.258879389912057,3.8398033066945136
1_0,2_1,21.95037826631521,20.385101357722686,10.192550678861343,6.253098575988554
1_0,2_2,16.443022810674478,34.53010663681843,17.265053318409215,10.592057250557803
1_0,2_3,10.473747857820523,49.87017002812479,24.935085014062395,15.297598168136439
1_0,2_4,3.441345432608322,65.57195283605562,32.78597641802781,20.11409596198025
1_0,2_5,0.0677377568782792,81.42654081336342,40.71327040668171,24.977466507166696
1_0,3_0,7.5130541150726655,25.035516835550492,12.517758417775246,7.679606391273158
1_0,3_1,5.571164584892453,29.754737351360635,14.877368675680318,9.127220046429644
1_0,3_2,1.053309847426924,40.76554097223316,20.38277048611658,12.504767169396676
1_0,3_3,6.298916098039748,54.371350578752704,27.185675289376352,16.678328398390402
1_0,3_4,1.4044894613525525,69.05504726201555,34.527523631007774,21.182529834974094
1_0,3_5,0.020100402260742257,84.25502098237294,42.12751049118647,25.845098460850597
1_0,4_0,0.46628690500774717,37.5532734430794,18.7766367215397,11.519409031619448
1_0,4_1,0.0,40.84520783508478,20.42260391754239,12.52920485738797
1_0,4_2,0.054395894982719954,49.44017584077687,24.720087920388433,15.165698110667751
1_0,4_3,0.3096321022686851,61.14131296689271,30.570656483446353,18.75500397757445
1_0,4_4,0.4341683020752128,74.49919700268194,37.24959850134097,22.852514418000595
1_0,4_5,0.0,88.76910194163105,44.384550970815525,27.229785871665968
1_0,5_0,0.0,50.07102787831168,25.03551393915584,15.35921100561708
1_0,5_1,0.0,52.57862684349618,26.28931342174809,16.128413142176743
1_0,5_2,0.0223778827900415,59.496496133524175,29.748248066762088,18.250458936663858
1_0,5_3,0.009232433547491217,69.52037715544954,34.76018857772477,21.325269066088815
1_0,5_4,0.10884200888750692,81.51241146141237,40.756205730706185,25.003807196752263
1_0,5_5,0.004981391632469024,94.72811654194072,47.36405827097036,29.057704460718014
1_1,0_0,0.0,20.385101357722686,10.192550678861343,6.253098575988554
1_1,0_1,0.0,12.510014373673041,6.2550071868365205,3.8374277219855957
1_1,0_2,14.313534860854986,20.38044275699303,10.190221378496515,6.2516695573598255
1_1,0_3,8.205658658893588,34.527527724743706,17.263763862371853,10.591266173234267
1_1,0_4,0.0,49.86858217533158,24.93429108766579,15.29711109672748
1_1,0_5,0.13221132303136607,65.57095593279577,32.785477966397885,20.113790163434285
1_1,1_0,0.0,16.092078779541797,8.046039389770899,4.936220484522024
1_1,1_2,87.10175698904497,16.09220149494328,8.04610074747164,4.936258127283215
1_1,1_3,33.64082563854127,32.18452574923543,16.092262874617717,9.872553910808415
1_1,1_4,10.962647552042522,48.27697280652606,24.13848640326303,14.80888736396505
1_1,1_5,0.7840648771400198,64.36954271017399,32.184771355086994,19.74525850005337
1_1,2_0,0.0,20.385101357722686,10.192550678861343,6.253098575988554
1_1,2_1,148.20285016598262,12.510014373673041,6.2550071868365205,3.8374277219855957
1_1,2_2,193.2327206215423,20.38044275699303,10.190221378496515,6.2516695573598255
1_1,2_3,136.7609776482265,34.527527724743706,17.263763862371853,10.591266173234267
1_1,2_4,46.39011107502576,49.86858217533158,24.93429108766579,15.29711109672748
1_1,2_5,0.9254792612195625,65.57095593279577,32.785477966397885,20.113790163434285
1_1,3_0,16.677467510426357,29.754737351360635,14.877368675680318,9.127220046429644
1_1,3_1,28.50360604035287,25.02002802229214,12.51001401114607,7.674855221562007
1_1,3_2,9.391825748851806,29.74177036977776,14.87088518488888,9.123242444717105
1_1,3_3,70.60912068521837,40.75622104311802,20.37811052155901,12.501908295434975
1_1,3_4,17.31264365825207,54.36454365030323,27.182271825151616,16.6762403835286
1_1,3_5,0.25929263750903964,69.04988722134524,34.52494361067262,21.18094700041265
1_1,4_0,1.1741284497371272,40.84520783508478,20.42260391754239,12.52920485738797
1_1,4_1,0.0,37.53004022080134,18.76502011040067,11.51228227631943
1_1,4_2,0.3921136652841806,40.82389267748851,20.411946338744254,12.522666465487273
1_1,4_3,2.935578465444336,49.422684443277305,24.711342221638652,15.160332651312057
1_1,4_4,4.763453202969962,61.12732898456039,30.5636644922802,18.75071441244184
1_1,4_5,0.0,74.48790445259905,37.24395222629953,22.849050445582535
1_1,5_0,0.0,52.57862684349618,26.28931342174809,16.128413142176743
1_1,5_1,0.0,50.04005024414522,25.02002512207261,15.349708663848228
1_1,5_2,0.13920225058153102,52.54915975866958,26.27457987933479,16.1193741591011
1_1,5_3,0.07553544968679037,59.47055187939457,29.735275939697285,18.242500576501403
1_1,5_4,1.0592002865425496,69.49831317393682,34.74915658696841,21.31850097360025
1_1,5_5,0.05399327759735586,81.49376070385341,40.746880351926706,24.99808610547651
1_2,0_0,0.0,34.53010663681843,17.265053318409215,10.592057250557803
1_2,0_1,0.0,20.38044275699303,10.190221378496515,6.2516695573598255
1_2,0_2,299.5130454653927,12.502262404261716,6.251131202130858,3.835049817258195
1_2,0_3,298.83259989027687,20.3757814350953,10.18789071754765,6.2502397040169635
1_2,0_4,0.0,34.524947708519356,17.262473854259678,10.590474757214526
1_2,0_5,5.522352504853954,49.86699371499052,24.93349685749526,15.29662383895415
1_2,1_0,0.0,32.18428027448609,16.092140137243046,9.872478611805551
1_2,1_1,0.0,16.09220149494328,8.04610074747164,4.936258127283215
1_2,1_3,1454.1676023846774,16.09232425429209,8.046162127146046,4.936295783525182
1_2,1_4,473.8744250164495,32.184771311582395,16.092385655791198,9.872629236681716
1_2,1_5,33.89220451232345,48.27734121522949,24.138670607614745,14.809000372769784
1_2,2_0,0.0,34.53010663681843,17.265053318409215,10.592057250557803
1_2,2_1,771.6664503918314,20.38044275699303,10.190221378496515,6.2516695573598255
1_2,2_2,4043.4261137828016,12.502262404261716,6.251131202130858,3.835049817258195
1_2,2_3,4980.543331504615,20.3757814350953,10.18789071754765,6.2502397040169635
1_2,2_4,1876.9780373846343,34.524947708519356,17.262473854259678,10.590474757214526
1_2,2_5,38.656467533977676,49.86699371499052,24.93349685749526,15.29662383895415
1_2,3_0,65.80252063827851,40.76554097223316,20.38277048611658,12.504767169396676
1_2,3_1,195.9982967738931,29.74177036977776,14.87088518488888,9.123242444717105
1_2,3_2,148.91443468694874,25.004524082514955,12.502262041257477,7.6700994118144035
1_2,3_3,1951.3295141872939,29.72879311924635,14.864396559623176,9.119261693020354
1_2,3_4,601.4376505895846,40.74689568096188,20.37344784048094,12.499047754896282
1_2,3_5,9.904533523586204,54.35773346915264,27.17886673457632,16.67415137090572
1_2,4_0,5.734509727628633,49.44017584077687,24.720087920388433,15.165698110667751
1_2,4_1,0.0,40.82389267748851,20.411946338744254,12.522666465487273
1_2,4_2,5.484337064183085,37.50678430874924,18.75339215437462,11.505148560966026
1_2,4_3,65.5877262267227,40.802558800351434,20.401279400175717,12.516122331396147
1_2,4_4,139.97170997052012,49.40518065405645,24.702590327028226,15.154963390814864
1_2,4_5,0.0,61.113336866639,30.556668433319498,18.746422351729755
1_2,5_0,0.0,59.496496133524175,29.748248066762088,18.250458936663858
1_2,5_1,0.0,52.54915975866958,26.27457987933479,16.1193741591011
1_2,5_2,1.8178333748958753,50.00904235695468,25.00452117847734,15.340197042010638
1_2,5_3,1.4562967726051121,52.51966565467893,26.259832827339466,16.110326887938324
1_2,5_4,26.859503834269624,59.4445871050543,29.72229355252715,18.2345359217958
1_2,5_5,1.6285022577512287,69.47623439467685,34.738117197338426,21.311728341925416
1_3,0_0,0.0,49.87017002812479,24.935085014062395,15.297598168136439
1_3,0_1,0.0,34.527527724743706,17.263763862371853,10.591266173234267
1_3,0_2,214.60950199096922,20.3757814350953,10.18789071754765,6.2502397040169635
1_3,0_3,860.9825572814166,12.494502876123654,6.247251438061827,3.8326695939029616
1_3,0_4,0.0,20.37111740132632,10.18555870066316,6.248809018811754
1_3,0_5,30.759174398769893,34.52236659408367,17.261183297041836,10.589683004320145
1_3,1_0,0.0,48.27660452877814,24.13830226438907,14.808774395330717
1_3,1_1,0.0,32.18452574923543,16.092262874617717,9.872553910808415
1_3,1_2,1305.4055392290027,16.09232425429209,8.046162127146046,4.936295783525182
1_3,1_4,2819.6453813808157,16.092447057288837,8.046223528644418,4.936333453156085
1_3,1_5,201.66523634327316,32.185016960937354,16.092508480468677,9.872704589244588
1_3,2_0,0.0,49.87017002812479,24.935085014062395,15.297598168136439
1_3,2_1,317.6999448555577,34.527527724743706,17.263763862371853,10.591266173234267
1_3,2_2,2897.228276878085,20.3757814350953,10.18789071754765,6.2502397040169635
1_3,2_3,14349.709288023612,12.494502876123654,6.247251438061827,3.8326695939029616
1_3,2_4,9410.925838306419,20.37111740132632,10.18555870066316,6.248809018811754
1_3,2_5,215.3142207913893,34.52236659408367,17.261183297041836,10.589683004320145
1_3,3_0,28.417944176321914,54.371350578752704,27.185675289376352,16.678328398390402
1_3,3_1,106.41516476767632,40.75622104311802,20.37811052155901,12.501908295434975
1_3,3_2,140.9194894262225,29.72879311924635,14.864396559623176,9.119261693020354
1_3,3_3,4259.842855046549,24.989005025286005,12.494502512643002,7.665338964811658
1_3,3_4,2288.6511013857366,29.715805617460624,14.857902808730312,9.115277796767064
1_3,3_5,47.373626149440135,40.737564904412686,20.368782452206343,12.496185553500824
1_3,4_0,2.9302666011900036,61.14131296689271,30.570656483446353,18.75500397757445
1_3,4_1,0.0,49.422684443277305,24.711342221638652,15.160332651312057
1_3,4_2,5.887806947520627,40.802558800351434,20.401279400175717,12.516122331396147
1_3,4_3,126.295543463244,37.48350572052377,18.741752860261887,11.49800788973122
1_3,4_4,430.62127085204,40.781206225499645,20.390603112749822,12.509572461809707
1_3,4_5,0.0,49.387664501965865,24.693832250982933,15.14959033802634
1_3,5_0,0.0,69.52037715544954,34.76018857772477,21.325269066088815
1_3,5_1,0.0,59.47055187939457,29.735275939697285,18.242500576501403
1_3,5_2,2.091707030856695,52.51966565467893,26.259832827339466,16.110326887938324
1_3,5_3,2.6181566218659387,49.978004234874184,24.989002117437092,15.330676145666928
1_3,5_4,71.30371595642599,52.490144556770524,26.245072278385262,16.101271336432678
1_3,5_5,5.686392095595354,59.418601845920115,29.709300922960058,18.22656498341108
1_4,0_0,0.0,65.57195283605562,32.78597641802781,20.11409596198025
1_4,0_1,0.0,49.86858217533158,24.93429108766579,15.29711109672748
1_4,0_2,111.33727594078428,34.524947708519356,17.262473854259678,10.590474757214526
1_4,0_3,777.3073564870524,20.37111740132632,10.18555870066316,6.248809018811754
1_4,0_4,0.0,12.486735793797102,6.243367896898551,3.830287053311995
1_4,0_5,194.4069543090548,20.366450665033685,10.183225332516843,6.247377504611561
1_4,1_0,0.0,64.36905158606767,32.184525793033835,19.745107848487017
1_4,1_1,0.0,48.27697280652606,24.13848640326303,14.80888736396505
1_4,1_2,570.4208846332039,32.184771311582395,16.092385655791198,9.872629236681716
1_4,1_3,3780.9040191265744,16.092447057288837,8.046223528644418,4.936333453156085
1_4,1_5,1512.3451981685334,16.0925699036479,8.04628495182395,4.9363711360883125
1_4,2_0,0.0,65.57195283605562,32.78597641802781,20.11409596198025
1_4,2_1,148.35067667199257,49.86858217533158,24.93429108766579,15.29711109672748
1_4,2_2,1503.0532252005878,34.524947708519356,17.262473854259678,10.590474757214526
1_4,2_3,12955.12260811754,20.37111740132632,10.18555870066316,6.248809018811754
1_4,2_4,34182.33451127628,12.486735793797102,6.243367896898551,3.830287053311995
1_4,2_5,1360.8486801633837,20.366450665033685,10.183225332516843,6.247377504611561
1_4,3_0,14.063079198684314,69.05504726201555,34.527523631007774,21.182529834974094
1_4,3_1,57.908353029311385,54.36454365030323,27.182271825151616,16.6762403835286
1_4,3_2,96.3975872519109,40.74689568096188,20.37344784048094,12.499047754896282
1_4,3_3,5079.426673524027,29.715805617460624,14.857902808730312,9.115277796767064
1_4,3_4,6298.312463928267,24.97347085968178,12.48673542984089,7.660573883337969
1_4,3_5,227.2742468045065,29.70280788214979,14.851403941074896,9.111290761395642
1_4,4_0,1.630239150680967,74.49919700268194,37.24959850134097,22.852514418000595
1_4,4_1,0.0,61.12732898456039,30.5636644922802,18.75071441244184
1_4,4_2,4.9854378500711745,49.40518065405645,24.702590327028226,15.154963390814864
1_4,4_3,170.85493603684148,40.781206225499645,20.390603112749822,12.509572461809707
1_4,4_4,1045.2487045949088,37.46020446973963,18.730102234869815,11.490860266791298
1_4,4_5,0.0,40.75983497481161,20.379917487405805,12.503016863439145
1_4,5_0,0.0,81.51241146141237,40.756205730706185,25.003807196752263
1_4,5_1,0.0,69.49831317393682,34.74915658696841,21.31850097360025
1_4,5_2,2.0540214154854937,59.4445871050543,29.72229355252715,18.2345359217958
1_4,5_3,3.7963668788345433,52.490144556770524,26.245072278385262,16.101271336432678
1_4,5_4,161.58506222627324,49.94693589605676,24.97346794802838,15.32114598038551
1_4,5_5,19.03143801521131,52.46059649025464,26.23029824512732,16.09220751234805
1_5,0_0,0.0,81.42654081336342,40.71327040668171,24.977466507166696
1_5,0_1,0.0,65.57095593279577,32.785477966397885,20.113790163434285
1_5,0_2,14.959707028516874,49.86699371499052,24.93349685749526,15.29662383895415
1_5,0_3,116.02529040627438,34.52236659408367,17.261183297041836,10.589683004320145
1_5,0_4,0.0,20.366450665033685,10.183225332516843,6.247377504611561
1_5,0_5,203.25840800685927,12.478961161824984,6.239480580912492,3.8279021968788296
1_5,1_0,0.0,80.46162148971601,40.230810744858005,24.681478984575463
1_5,1_1,0.0,64.36954271017399,32.184771355086994,19.74525850005337
1_5,1_2,71.72801491886919,48.27734121522949,24.138670607614745,14.809000372769784
1_5,1_3,475.43269749857865,32.185016960937354,16.092508480468677,9.872704589244588
1_5,1_4,2658.9353498181777,16.0925699036479,8.04628495182395,4.9363711360883125
1_5,2_0,0.0,81.42654081336342,40.71327040668171,24.977466507166696
1_5,2_1,19.308579880317538,65.57095593279577,32.785477966397885,20.113790163434285
1_5,2_2,201.95604488497776,49.86699371499052,24.93349685749526,15.29662383895415
1_5,2_3,1933.7548401045728,34.52236659408367,17.261183297041836,10.589683004320145
1_5,2_4,8878.290663828264,20.366450665033685,10.183225332516843,6.247377504611561
1_5,2_5,1422.808856048015,12.478961161824984,6.239480580912492,3.8279021968788296
1_5,3_0,1.9134302007832382,84.25502098237294,42.12751049118647,25.845098460850597
1_5,3_1,8.24544209890569,69.04988722134524,34.52494361067262,21.18094700041265
1_5,3_2,15.092303016814892,54.35773346915264,27.17886673457632,16.67415137090572
1_5,3_3,999.5802595743512,40.737564904412686,20.368782452206343,12.496185553500824
1_5,3_4,2160.7084230869805,29.70280788214979,14.851403941074896,9.111290761395642
1_5,3_5,180.02832960922362,24.95792159478814,12.47896079739407,7.655804170180411
1_5,4_0,0.24080179919640565,88.76910194163105,44.384550970815525,27.229785871665968
1_5,4_1,0.0,74.48790445259905,37.24395222629953,22.849050445582535
1_5,4_2,0.9233726459648269,61.113336866639,30.556668433319498,18.746422351729755
1_5,4_3,41.61771718650307,49.387664501965865,24.693832250982933,15.14959033802634
1_5,4_4,406.8489968452968,40.75983497481161,20.379917487405805,12.503016863439145
1_5,4_5,0.0,37.43688057002561,18.718440285012804,11.483705696326874
1_5,5_0,0.0,94.72811654194072,47.36405827097036,29.057704460718014
1_5,5_1,0.0,81.49376070385341,40.746880351926706,24.99808610547651
1_5,5_2,0.44115106107086394,69.47623439467685,34.738117197338426,21.311728341925416
1_5,5_3,1.0724691204354613,59.418601845920115,29.709300922960058,18.22656498341108
1_5,5_4,67.41609400601973,52.46059649025464,26.23029824512732,16.09220751234805
1_5,5_5,12.412757325033828,49.91583735867415,24.957918679337077,15.311606551740539
2_0,0_0,0.0,25.035516835549984,12.517758417774992,7.679606391273002
2_0,0_1,0.0,29.75473735136179,14.877368675680895,9.127220046429997
2_0,0_2,4.480904604783748,40.76554097223316,20.38277048611658,12.504767169396676
2_0,0_3,2.6946033876524575,54.37135057875502,27.18567528937751,16.678328398391113
2_0,0_4,0.0,69.05504726201555,34.527523631007774,21.182529834974094
2_0,0_5,0.04809908662048095,84.25502098237294,42.12751049118647,25.845098460850597
2_0,1_0,0.0,12.517758779824113,6.258879389912057,3.8398033066945136
2_0,1_1,0.0,20.385101357722686,10.192550678861343,6.253098575988554
2_0,1_2,32.384519814208275,34.53010663681843,17.265053318409215,10.592057250557803
2_0,1_3,13.366968452853452,49.87017002812479,24.935085014062395,15.297598168136439
2_0,1_4,4.508863545859287,65.57195283605562,32.78597641802781,20.11409596198025
2_0,1_5,0.3293307716271141,81.42654081336342,40.71327040668171,24.977466507166696
2_0,2_1,204.65270235661364,16.092078779541797,8.046039389770899,4.936220484522024
2_0,2_2,129.0818750823392,32.18428027448609,16.092140137243046,9.872478611805551
2_0,2_3,76.93606856747915,48.27660452877814,24.13830226438907,14.808774395330717
2_0,2_4,24.42141254953569,64.36905158606767,32.184525793033835,19.745107848487017
2_0,2_5,0.4707004911755549,80.46162148971601,40.230810744858005,24.681478984575463
2_0,3_0,144.8378119377285,12.517758779824621,6.258879389912311,3.8398033066946695
2_0,3_1,81.33053569168158,20.385101357723833,10.192550678861917,6.253098575988906
2_0,3_2,11.658427133113788,34.53010663681959,17.265053318409795,10.592057250558156
2_0,3_3,59.81718382652537,49.87017002812362,24.93508501406181,15.29759816813608
2_0,3_4,12.190631068435614,65.57195283605446,32.78597641802723,20.1140959619799
2_0,3_5,0.1646653858135566,81.42654081336345,40.71327040668172,24.977466507166703
2_0,4_0,8.9891494701832,25.035516835550492,12.517758417775246,7.679606391273158
2_0,4_1,0.0,29.754737351360635,14.877368675680318,9.127220046429644
2_0,4_2,0.7468174341306247,40.76554097223316,20.38277048611658,12.504767169396676
2_0,4_3,3.5928045168706766,54.371350578752704,27.185675289376352,16.678328398390402
2_0,4_4,4.4811481470424015,69.05504726201555,34.527523631007774,21.182529834974094
2_0,4_5,0.0,84.25502098237294,42.12751049118647,25.845098460850597
2_0,5_0,0.0,37.5532734430794,18.7766367215397,11.519409031619448
2_0,5_1,0.0,40.84520783508478,20.42260391754239,12.52920485738797
2_0,5_2,0.34710985125340343,49.44017584077687,24.720087920388433,15.165698110667751
2_0,5_3,0.12348858424416043,61.14131296689271,30.570656483446353,18.75500397757445
2_0,5_4,1.2903721551613572,74.49919700268194,37.24959850134097,22.852514418000595
2_0,5_5,0.05380608706778475,88.76910194163105,44.384550970815525,27.229785871665968
2_1,0_0,0.0,29.75473735136179,14.877368675680895,9.127220046429997
2_1,0_1,0.0,25.020028022291637,12.510014011145818,7.674855221561852
2_1,0_2,78.62182030092586,29.74177036977892,14.87088518488946,9.12324244471746
2_1,0_3,59.43925338411879,40.756221043118025,20.378110521559012,12.501908295434978
2_1,0_4,0.0,54.36454365030323,27.182271825151616,16.6762403835286
2_1,0_5,1.2209722134349592,69.04988722134411,34.524943610672054,21.180947000412303
2_1,1_0,0.0,20.385101357722686,10.192550678861343,6.253098575988554
2_1,1_1,0.0,12.510014373673041,6.2550071868365205,3.8374277219855957
2_1,1_2,748.8933700130625,20.38044275699303,10.190221378496515,6.2516695573598255
2_1,1_3,343.4602801320104,34.527527724743706,17.263763862371853,10.591266173234267
2_1,1_4,119.60456369117854,49.86858217533158,24.93429108766579,15.29711109672748
2_1,1_5,8.85424849999295,65.57095593279577,32.785477966397885,20.113790163434285
2_1,2_0,0.0,16.092078779541797,8.046039389770899,4.936220484522024
2_1,2_2,3543.6943256199156,16.09220149494328,8.04610074747164,4.936258127283215
2_1,2_3,2112.131617581219,32.18452574923543,16.092262874617717,9.872553910808415
2_1,2_4,670.4428566768164,48.27697280652606,24.13848640326303,14.80888736396505
2_1,2_5,12.92217562365904,64.36954271017399,32.184771355086994,19.74525850005337
2_1,3_0,479.0945847357447,20.385101357723833,10.192550678861917,6.253098575988906
2_1,3_1,1080.566985783159,12.510014373673545,6.255007186836773,3.83742772198575
2_1,3_2,269.6016132047028,20.38044275699302,10.19022137849651,6.251669557359822
2_1,3_3,1536.984753590434,34.52752772474601,17.263763862373004,10.591266173234972
2_1,3_4,323.3753018317382,49.868582175330424,24.934291087665212,15.297111096727125
2_1,3_5,4.4271242499960275,65.57095593279692,32.78547796639846,20.11379016343464
2_1,4_0,39.265913248275226,29.754737351360635,14.877368675680318,9.127220046429644
2_1,4_1,0.0,25.02002802229214,12.51001401114607,7.674855221562007
2_1,4_2,13.103636716822312,29.74177036977776,14.87088518488888,9.123242444717105
2_1,4_3,79.25233784549178,40.75622104311802,20.37811052155901,12.501908295434975
2_1,4_4,108.69704105186393,54.36454365030323,27.182271825151616,16.6762403835286
2_1,4_5,0.0,69.04988722134524,34.52494361067262,21.18094700041265
2_1,5_0,0.0,40.84520783508478,20.42260391754239,12.52920485738797
2_1,5_1,0.0,37.53004022080134,18.76502011040067,11.51228227631943
2_1,5_2,4.923753531087765,40.82389267748851,20.411946338744254,12.522666465487273
2_1,5_3,2.303870362523152,49.422684443277305,24.711342221638652,15.160332651312057
2_1,5_4,27.858792416842288,61.12732898456039,30.5636644922802,18.75071441244184
2_1,5_5,1.2588076949883824,74.48790445259905,37.24395222629953,22.849050445582535
2_2,0_0,0.0,40.76554097223316,20.38277048611658,12.504767169396676
2_2,0_1,0.0,29.74177036977892,14.87088518488946,9.12324244471746
2_2,0_2,137.44474360211763,25.004524082514447,12.502262041257223,7.670099411814248
2_2,0_3,181.10958099177714,29.72879311925095,14.864396559625474,9.119261693021764
2_2,0_4,0.0,40.74689568096419,20.373447840482093,12.49904775489699
2_2,0_5,5.142187299366935,54.35773346914919,27.178866734574594,16.67415137090466
2_2,1_0,0.0,34.53010663681843,17.265053318409215,10.592057250557803
2_2,1_1,0.0,20.38044275699303,10.190221378496515,6.2516695573598255
2_2,1_2,1727.77465403285,12.502262404261716,6.251131202130858,3.835049817258195
2_2,1_3,1379.0795418260152,20.3757814350953,10.18789071754765,6.2502397040169635
2_2,1_4,533.5557439713779,34.524947708519356,17.262473854259678,10.590474757214526
2_2,1_5,40.77607792452115,49.86699371499052,24.93349685749526,15.29662383895415
2_2,2_0,0.0,32.18428027448609,16.092140137243046,9.872478611805551
2_2,2_1,1560.283347690094,16.09220149494328,8.04610074747164,4.936258127283215
2_2,2_3,10066.235033784273,16.09232425429209,8.046162127146046,4.936295783525182
2_2,2_4,3195.2721676310266,32.184771311582395,16.092385655791198,9.872629236681716
2_2,2_5,61.58596173308838,48.27734121522949,24.138670607614745,14.809000372769784
2_2,3_0,158.0185720080112,34.53010663681959,17.265053318409795,10.592057250558156
2_2,3_1,620.3303468114871,20.38044275699302,10.19022137849651,6.251669557359822
2_2,3_2,621.9988754517984,12.50226240426222,6.25113120213111,3.83504981725835
2_2,3_3,6171.380949673301,20.375781435091845,10.187890717545923,6.250239704015904
2_2,3_4,1442.5766411077993,34.524947708519356,17.262473854259678,10.590474757214526
2_2,3_5,20.388038962260573,49.86699371499052,24.93349685749526,15.29662383895415
2_2,4_0,17.081515504319647,40.76554097223316,20.38277048611658,12.504767169396676
2_2,4_1,0.0,29.74177036977776,14.87088518488888,9.123242444717105
2_2,4_2,22.907457267018575,25.004524082514955,12.502262041257477,7.6700994118144035
2_2,4_3,241.4794413224675,29.72879311924635,14.864396559623176,9.119261693020354
2_2,4_4,416.33527930848743,40.74689568096188,20.37344784048094,12.499047754896282
2_2,4_5,0.0,54.35773346915264,27.17886673457632,16.67415137090572
2_2,5_0,0.0,49.44017584077687,24.720087920388433,15.165698110667751
2_2,5_1,0.0,40.82389267748851,20.411946338744254,12.522666465487273
2_2,5_2,7.592883489087293,37.50678430874924,18.75339215437462,11.505148560966026
2_2,5_3,5.6752525160012155,40.802558800351434,20.401279400175717,12.516122331396147
2_2,5_4,90.25659024077675,49.40518065405645,24.702590327028226,15.154963390814864
2_2,5_5,4.719115850680603,61.113336866639,30.556668433319498,18.746422351729755
2_3,0_0,0.0,54.37135057875502,27.18567528937751,16.678328398391113
2_3,0_1,0.0,40.756221043118025,20.378110521559012,12.501908295434978
2_3,0_2,116.34617887858664,29.72879311925095,14.864396559625474,9.119261693021764
2_3,0_3,353.66665587429634,24.989005025285504,12.494502512642752,7.665338964811505
2_3,0_4,0.0,29.715805617464085,14.857902808732042,9.115277796768124
2_3,0_5,22.00088843326132,40.73756490441156,20.36878245220578,12.49618555350048
2_3,1_0,0.0,49.87017002812479,24.935085014062395,15.297598168136439
2_3,1_1,0.0,34.527527724743706,17.263763862371853,10.591266173234267
2_3,1_2,1107.4140458392822,20.3757814350953,10.18789071754765,6.2502397040169635
2_3,1_3,3554.2291214903867,12.494502876123654,6.247251438061827,3.8326695939029616
2_3,1_4,2392.9999243148904,20.37111740132632,10.18555870066316,6.248809018811754
2_3,1_5,203.1635181949472,34.52236659408367,17.261183297041836,10.589683004320145
2_3,2_0,0.0,48.27660452877814,24.13830226438907,14.808774395330717
2_3,2_1,483.90924088300085,32.18452574923543,16.092262874617717,9.872553910808415
2_3,2_2,5237.967313068131,16.09232425429209,8.046162127146046,4.936295783525182
2_3,2_4,17007.04273437791,16.092447057288837,8.046223528644418,4.936333453156085
2_3,2_5,327.79526377836044,32.185016960937354,16.092508480468677,9.872704589244588
2_3,3_0,52.375032526207434,49.87017002812362,24.93508501406181,15.29759816813608
2_3,3_1,228.4547925862377,34.52752772474601,17.263763862373004,10.591266173234972
2_3,3_2,398.6690565022632,20.375781435091845,10.187890717545923,6.250239704015904
2_3,3_3,15905.175318668778,12.494502876124155,6.247251438062078,3.8326695939031152
2_3,3_4,6469.962758332859,20.37111740132631,10.185558700663154,6.248809018811752
2_3,3_5,101.58175909744266,34.522366594087124,17.261183297043562,10.589683004321204
2_3,4_0,6.598819534666693,54.371350578752704,27.185675289376352,16.678328398390402
2_3,4_1,0.0,40.75622104311802,20.37811052155901,12.501908295434975
2_3,4_2,19.391029813105643,29.72879311924635,14.864396559623176,9.119261693020354
2_3,4_3,471.5555411657078,24.989005025286005,12.494502512643002,7.665338964811658
2_3,4_4,1417.1698935157635,29.715805617460624,14.857902808730312,9.115277796767064
2_3,4_5,0.0,40.737564904412686,20.368782452206343,12.496185553500824
2_3,5_0,0.0,61.14131296689271,30.570656483446353,18.75500397757445
2_3,5_1,0.0,49.422684443277305,24.711342221638652,15.160332651312057
2_3,5_2,7.291651173747737,40.802558800351434,20.401279400175717,12.516122331396147
2_3,5_3,9.77553119460577,37.48350572052377,18.741752860261887,11.49800788973122
2_3,5_4,248.38413785024346,40.781206225499645,20.390603112749822,12.509572461809707
2_3,5_5,17.079792905317635,49.387664501965865,24.693832250982933,15.14959033802634
2_4,0_0,0.0,69.05504726201555,34.527523631007774,21.182529834974094
2_4,0_1,0.0,54.36454365030323,27.182271825151616,16.6762403835286
2_4,0_2,87.77608533900286,40.74689568096419,20.373447840482093,12.49904775489699
2_4,0_3,465.0977231926679,29.715805617464085,14.857902808732042,9.115277796768124
2_4,0_4,0.0,24.973470859681274,12.486735429840637,7.660573883337815
2_4,0_5,116.40799206203802,29.702807882146335,14.851403941073167,9.111290761394581
2_4,1_0,0.0,65.57195283605562,32.78597641802781,20.11409596198025
2_4,1_1,0.0,49.86858217533158,24.93429108766579,15.29711109672748
2_4,1_2,633.6225906291196,34.524947708519356,17.262473854259678,10.590474757214526
2_4,1_3,3538.9369590421784,20.37111740132632,10.18555870066316,6.248809018811754
2_4,1_4,9586.079677367921,12.486735793797102,6.243367896898551,3.830287053311995
2_4,1_5,1416.15838307965,20.366450665033685,10.183225332516843,6.247377504611561
2_4,2_0,0.0,64.36905158606767,32.184525793033835,19.745107848487017
2_4,2_1,233.20768772046208,48.27697280652606,24.13848640326303,14.80888736396505
2_4,2_2,2524.3044402439023,32.184771311582395,16.092385655791198,9.872629236681716
2_4,2_3,25820.63747411805,16.092447057288837,8.046223528644418,4.936333453156085
2_4,2_5,2711.137517978206,16.0925699036479,8.04628495182395,4.9363711360883125
2_4,3_0,26.126944115372098,65.57195283605446,32.78597641802723,20.1140959619799
2_4,3_1,117.65263169386604,49.868582175330424,24.934291087665212,15.297111096727125
2_4,3_2,228.10413262648308,34.524947708519356,17.262473854259678,10.590474757214526
2_4,3_3,15836.742891713766,20.37111740132631,10.185558700663154,6.248809018811752
2_4,3_4,25917.9191276973,12.486735793797608,6.243367896898804,3.83028705331215
2_4,3_5,708.0791915397533,20.366450665034833,10.183225332517416,6.247377504611912
2_4,4_0,3.6014965064121283,69.05504726201555,34.527523631007774,21.182529834974094
2_4,4_1,0.0,54.36454365030323,27.182271825151616,16.6762403835286
2_4,4_2,14.629347556503458,40.74689568096188,20.37344784048094,12.499047754896282
2_4,4_3,620.1302975904133,29.715805617460624,14.857902808730312,9.115277796767064
2_4,4_4,4301.258164902564,24.97347085968178,12.48673542984089,7.660573883337969
2_4,4_5,0.0,29.70280788214979,14.851403941074896,9.111290761395642
2_4,5_0,0.0,74.49919700268194,37.24959850134097,22.852514418000595
2_4,5_1,0.0,61.12732898456039,30.5636644922802,18.75071441244184
2_4,5_2,6.809333573411976,49.40518065405645,24.702590327028226,15.154963390814864
2_4,5_3,14.585081179507272,40.781206225499645,20.390603112749822,12.509572461809707
2_4,5_4,664.9316388708152,37.46020446973963,18.730102234869815,11.490860266791298
2_4,5_5,73.06318966063547,40.75983497481161,20.379917487405805,12.503016863439145
2_5,0_0,0.0,84.25502098237294,42.12751049118647,25.845098460850597
2_5,0_1,0.0,69.04988722134411,34.524943610672054,21.180947000412303
2_5,0_2,12.961077954393168,54.35773346914919,27.178866734574594,16.67415137090466
2_5,0_3,86.32224992801956,40.73756490441156,20.36878245220578,12.49618555350048
2_5,0_4,0.0,29.702807882146335,14.851403941073167,9.111290761394581
2_5,0_5,86.96589787844337,24.957921594787628,12.478960797393814,7.655804170180255
2_5,1_0,0.0,81.42654081336342,40.71327040668171,24.977466507166696
2_5,1_1,0.0,65.57095593279577,32.785477966397885,20.113790163434285
2_5,1_2,80.29503878376237,49.86699371499052,24.93349685749526,15.29662383895415
2_5,1_3,498.2052215493271,34.52236659408367,17.261183297041836,10.589683004320145
2_5,1_4,2348.249486547374,20.366450665033685,10.183225332516843,6.247377504611561
2_5,1_5,1396.4458933149247,12.478961161824984,6.239480580912492,3.8279021968788296
2_5,2_0,0.0,80.46162148971601,40.230810744858005,24.681478984575463
2_5,2_1,27.657429834839085,64.36954271017399,32.184771355086994,19.74525850005337
2_5,2_2,299.3716614587309,48.27734121522949,24.138670607614745,14.809000372769784
2_5,2_3,3062.2166713783713,32.185016960937354,16.092508480468677,9.872704589244588
2_5,2_4,16681.942968160696,16.0925699036479,8.04628495182395,4.9363711360883125
2_5,3_0,3.164362610490169,81.42654081336345,40.71327040668172,24.977466507166703
2_5,3_1,14.442354802161308,65.57095593279692,32.78547796639846,20.11379016343464
2_5,3_2,28.906213962154457,49.86699371499052,24.93349685749526,15.29662383895415
2_5,3_3,2229.46836643256,34.522366594087124,17.261183297043562,10.589683004321204
2_5,3_4,6348.970833997812,20.366450665034833,10.183225332517416,6.247377504611912
2_5,3_5,698.2229466574312,12.478961161825488,6.239480580912744,3.8279021968789846
2_5,4_0,0.46215830530683166,84.25502098237294,42.12751049118647,25.845098460850597
2_5,4_1,0.0,69.04988722134524,34.52494361067262,21.18094700041265
2_5,4_2,2.160179659064868,54.35773346915264,27.17886673457632,16.67415137090572
2_5,4_3,115.09633323734802,40.737564904412686,20.368782452206343,12.496185553500824
2_5,4_4,1391.6916926363492,29.70280788214979,14.851403941074896,9.111290761395642
2_5,4_5,0.0,24.95792159478814,12.47896079739407,7.655804170180411
2_5,5_0,0.0,88.76910194163105,44.384550970815525,27.229785871665968
2_5,5_1,0.0,74.48790445259905,37.24395222629953,22.849050445582535
2_5,5_2,1.1894710335427467,61.113336866639,30.556668433319498,18.746422351729755
2_5,5_3,3.3506968510932316,49.387664501965865,24.693832250982933,15.14959033802634
2_5,5_4,244.0990965231325,40.75983497481161,20.379917487405805,12.503016863439145
2_5,5_5,48.14169650266682,37.43688057002561,18.718440285012804,11.483705696326874
3_0,0_0,0.0,37.5532734430794,18.7766367215397,11.519409031619448
3_0,0_1,0.0,40.84520783508478,20.42260391754239,12.52920485738797
3_0,0_2,24.606729157720572,49.44017584077687,24.720087920388433,15.165698110667751
3_0,0_3,17.508291024261855,61.14131296689271,30.570656483446353,18.75500397757445
3_0,0_4,0.0,74.49919700268194,37.24959850134097,22.852514418000595
3_0,0_5,0.3814330842909861,88.76910194163105,44.384550970815525,27.229785871665968
3_0,1_0,0.0,25.035516835550492,12.517758417775246,7.679606391273158
3_0,1_1,0.0,29.754737351360635,14.877368675680318,9.127220046429644
3_0,1_2,220.5922018821787,40.76554097223316,20.38277048611658,12.504767169396676
3_0,1_3,106.12294559397186,54.371350578752704,27.185675289376352,16.678328398390402
3_0,1_4,39.16479889719825,69.05504726201555,34.527523631007774,21.182529834974094
3_0,1_5,3.0308975493367725,84.25502098237294,42.12751049118647,25.845098460850597
3_0,2_0,0.0,12.517758779824621,6.258879389912311,3.8398033066946695
3_0,2_1,1654.9257778865567,20.385101357723833,10.192550678861917,6.253098575988906
3_0,2_2,1239.7044818822565,34.53010663681959,17.265053318409795,10.592057250558156
3_0,2_3,789.6572492144372,49.87017002812362,24.93508501406181,15.29759816813608
3_0,2_4,259.4566343203561,65.57195283605446,32.78597641802723,20.1140959619799
3_0,2_5,5.107017229225455,81.42654081336345,40.71327040668172,24.977466507166703
3_0,3_1,1403.989934291987,16.092078779541797,8.046039389770899,4.936220484522024
3_0,3_2,169.4565870596434,32.18428027448609,16.092140137243046,9.872478611805551
3_0,3_3,813.5583833201509,48.27660452877814,24.13830226438907,14.808774395330717
3_0,3_4,160.17826555216166,64.36905158606767,32.184525793033835,19.745107848487017
3_0,3_5,2.1186101225229153,80.46162148971601,40.230810744858005,24.681478984575463
3_0,4_0,320.86247311903475,12.517758779824113,6.258879389912057,3.8398033066945136
3_0,4_1,0.0,20.385101357722686,10.192550678861343,6.253098575988554
3_0,4_2,15.30499360348621,34.53010663681843,17.265053318409215,10.592057250557803
3_0,4_3,63.17257993714846,49.87017002812479,24.935085014062395,15.297598168136439
3_0,4_4,72.01648024860859,65.57195283605562,32.78597641802781,20.11409596198025
3_0,4_5,0.0,81.42654081336342,40.71327040668171,24.977466507166696
3_0,5_0,0.0,25.035516835549984,12.517758417774992,7.679606391273002
3_0,5_1,0.0,29.75473735136179,14.877368675680895,9.127220046429997
3_0,5_2,8.823688075287148,40.76554097223316,20.38277048611658,12.504767169396676
3_0,5_3,2.6530736398487553,54.37135057875502,27.18567528937751,16.678328398391113
3_0,5_4,24.659317824161864,69.05504726201555,34.527523631007774,21.182529834974094
3_0,5_5,0.9471554841677413,84.25502098237294,42.12751049118647,25.845098460850597
3_1,0_0,0.0,40.84520783508478,20.42260391754239,12.52920485738797
3_1,0_1,0.0,37.53004022080134,18.76502011040067,11.51228227631943
3_1,0_2,17.709257860694507,40.82389267748851,20.411946338744254,12.522666465487273
3_1,0_3,16.57265501610949,49.422684443277305,24.711342221638652,15.160332651312057
3_1,0_4,0.0,61.12732898456039,30.5636644922802,18.75071441244184
3_1,0_5,0.4527551983831901,74.48790445259905,37.24395222629953,22.849050445582535
3_1,1_0,0.0,29.754737351360635,14.877368675680318,9.127220046429644
3_1,1_1,0.0,25.02002802229214,12.51001401114607,7.674855221562007
3_1,1_2,196.37430406320902,29.74177036977776,14.87088518488888,9.123242444717105
3_1,1_3,118.76949144820995,40.75622104311802,20.37811052155901,12.501908295434975
3_1,1_4,48.199377308927424,54.36454365030323,27.182271825151616,16.6762403835286
3_1,1_5,3.90352813955893,69.04988722134524,34.52494361067262,21.18094700041265
3_1,2_0,0.0,20.385101357723833,10.192550678861917,6.253098575988906
3_1,2_1,1115.5619410241734,12.510014373673545,6.255007186836773,3.83742772198575
3_1,2_2,1454.5136523658987,20.38044275699302,10.19022137849651,6.251669557359822
3_1,2_3,1029.435948841243,34.52752772474601,17.263763862373004,10.591266173234972
3_1,2_4,349.1906012416818,49.868582175330424,24.934291087665212,15.297111096727125
3_1,2_5,6.966326490127317,65.57095593279692,32.78547796639846,20.11379016343464
3_1,3_0,419.612802475101,16.092078779541797,8.046039389770899,4.936220484522024
3_1,3_2,236.0296431169717,16.09220149494328,8.04610074747164,4.936258127283215
3_1,3_3,1133.174568199508,32.18452574923543,16.092262874617717,9.872553910808415
3_1,3_4,223.10622153661933,48.27697280652606,24.13848640326303,14.80888736396505
3_1,3_5,2.95093156188168,64.36954271017399,32.184771355086994,19.74525850005337
3_1,4_0,53.84871449684778,20.385101357722686,10.192550678861343,6.253098575988554
3_1,4_1,0.0,12.510014373673041,6.2550071868365205,3.8374277219855957
3_1,4_2,17.956958671183912,20.38044275699303,10.190221378496515,6.2516695573598255
3_1,4_3,82.3548759073162,34.527527724743706,17.263763862371853,10.591266173234267
3_1,4_4,96.92362696060893,49.86858217533158,24.93429108766579,15.29711109672748
3_1,4_5,0.0,65.57095593279577,32.785477966397885,20.113790163434285
3_1,5_0,0.0,29.75473735136179,14.877368675680895,9.127220046429997
3_1,5_1,0.0,25.020028022291637,12.510014011145818,7.674855221561852
3_1,5_2,7.8549721625275595,29.74177036977892,14.87088518488946,9.12324244471746
3_1,5_3,2.969237286205246,40.756221043118025,20.378110521559012,12.501908295434978
3_1,5_4,30.34775608339875,54.36454365030323,27.182271825151616,16.6762403835286
3_1,5_5,1.2198525436122882,69.04988722134411,34.524943610672054,21.180947000412303
3_2,0_0,0.0,49.44017584077687,24.720087920388433,15.165698110667751
3_2,0_1,0.0,40.82389267748851,20.411946338744254,12.522666465487273
3_2,0_2,9.745927838877972,37.50678430874924,18.75339215437462,11.505148560966026
3_2,0_3,14.569063668065619,40.802558800351434,20.401279400175717,12.516122331396147
3_2,0_4,0.0,49.40518065405645,24.702590327028226,15.154963390814864
3_2,0_5,0.605727226160386,61.113336866639,30.556668433319498,18.746422351729755
3_2,1_0,0.0,40.76554097223316,20.38277048611658,12.504767169396676
3_2,1_1,0.0,29.74177036977776,14.87088518488888,9.123242444717105
3_2,1_2,122.51297866472125,25.004524082514955,12.502262041257477,7.6700994118144035
3_2,1_3,129.14731346155514,29.72879311924635,14.864396559623176,9.119261693020354
3_2,1_4,65.88390291420879,40.74689568096188,20.37344784048094,12.499047754896282
3_2,1_5,5.8669424015424,54.35773346915264,27.17886673457632,16.67415137090572
3_2,2_0,0.0,34.53010663681959,17.265053318409795,10.592057250558156
3_2,2_1,228.54799808948079,20.38044275699302,10.19022137849651,6.251669557359822
3_2,2_2,1197.5600899307005,12.50226240426222,6.25113120213111,3.83504981725835
3_2,2_3,1475.1104019562395,20.375781435091845,10.187890717545923,6.250239704015904
3_2,2_4,555.9132092426152,34.524947708519356,17.262473854259678,10.590474757214526
3_2,2_5,11.449063599454782,49.86699371499052,24.93349685749526,15.29662383895415
3_2,3_0,41.586860106200604,32.18428027448609,16.092140137243046,9.872478611805551
3_2,3_1,193.81147644513086,16.09220149494328,8.04610074747164,4.936258127283215
3_2,3_3,1927.3265628390511,16.09232425429209,8.046162127146046,4.936295783525182
3_2,3_4,379.4636406157736,32.184771311582395,16.092385655791198,9.872629236681716
3_2,3_5,5.0190049652914,48.27734121522949,24.138670607614745,14.809000372769784
3_2,4_0,6.338326548661334,34.53010663681843,17.265053318409215,10.592057250557803
3_2,4_1,0.0,20.38044275699303,10.190221378496515,6.2516695573598255
3_2,4_2,14.784692468280912,12.502262404261716,6.251131202130858,3.835049817258195
3_2,4_3,118.00883215646314,20.3757814350953,10.18789071754765,6.2502397040169635
3_2,4_4,154.30290598749392,34.524947708519356,17.262473854259678,10.590474757214526
3_2,4_5,0.0,49.86699371499052,24.93349685749526,15.29662383895415
3_2,5_0,0.0,40.76554097223316,20.38277048611658,12.504767169396676
3_2,5_1,0.0,29.74177036977892,14.87088518488946,9.12324244471746
3_2,5_2,4.900519146589071,25.004524082514447,12.502262041257223,7.670099411814248
3_2,5_3,3.228682836537569,29.72879311925095,14.864396559625474,9.119261693021764
3_2,5_4,41.48245739041931,40.74689568096419,20.373447840482093,12.49904775489699
3_2,5_5,1.8334195004825606,54.35773346914919,27.178866734574594,16.67415137090466
3_3,0_0,0.0,61.14131296689271,30.570656483446353,18.75500397757445
3_3,0_1,0.0,49.422684443277305,24.711342221638652,15.160332651312057
3_3,0_2,16.89622320708205,40.802558800351434,20.401279400175717,12.516122331396147
3_3,0_3,45.30374618756187,37.48350572052377,18.741752860261887,11.49800788973122
3_3,0_4,0.0,40.781206225499645,20.390603112749822,12.509572461809707
3_3,0_5,3.957731745286683,49.387664501965865,24.693832250982933,15.14959033802634
3_3,1_0,0.0,54.371350578752704,27.185675289376352,16.678328398390402
3_3,1_1,0.0,40.75622104311802,20.37811052155901,12.501908295434975
3_3,1_2,187.22049375970238,29.72879311924635,14.864396559623176,9.119261693020354
3_3,1_3,455.2871204008936,24.989005025286005,12.494502512643002,7.665338964811658
3_3,1_4,404.860419530163,29.715805617460624,14.857902808730312,9.115277796767064
3_3,1_5,45.31598769481085,40.737564904412686,20.368782452206343,12.496185553500824
3_3,2_0,0.0,49.87017002812362,24.93508501406181,15.29759816813608
3_3,2_1,151.95044122544704,34.52752772474601,17.263763862373004,10.591266173234972
3_3,2_2,1385.6946534971653,20.375781435091845,10.187890717545923,6.250239704015904
3_3,2_3,6863.2201329583795,12.494502876124155,6.247251438062078,3.8326695939031152
3_3,2_4,4501.0846134111225,20.37111740132631,10.185558700663154,6.248809018811752
3_3,2_5,102.98110333710142,34.522366594087124,17.261183297043562,10.589683004321204
3_3,3_0,23.284336763030193,48.27660452877814,24.13830226438907,14.808774395330717
3_3,3_1,108.51436426227383,32.18452574923543,16.092262874617717,9.872553910808415
3_3,3_2,224.76711851969836,16.09232425429209,8.046162127146046,4.936295783525182
3_3,3_4,3646.1825964647946,16.092447057288837,8.046223528644418,4.936333453156085
3_3,3_5,48.22651394562335,32.185016960937354,16.092508480468677,9.872704589244588
3_3,4_0,3.792609087066925,49.87017002812479,24.935085014062395,15.297598168136439
3_3,4_1,0.0,34.527527724743706,17.263763862371853,10.591266173234267
3_3,4_2,17.10734140119435,20.3757814350953,10.18789071754765,6.2502397040169635
3_3,4_3,549.0576106366946,12.494502876123654,6.247251438061827,3.8326695939029616
3_3,4_4,1249.3504820494736,20.37111740132632,10.18555870066316,6.248809018811754
3_3,4_5,0.0,34.52236659408367,17.261183297041836,10.589683004320145
3_3,5_0,0.0,54.37135057875502,27.18567528937751,16.678328398391113
3_3,5_1,0.0,40.756221043118025,20.378110521559012,12.501908295434978
3_3,5_2,7.488819750385056,29.72879311925095,14.864396559625474,9.119261693021764
3_3,5_3,11.382178010022843,24.989005025285504,12.494502512642752,7.665338964811505
3_3,5_4,254.91211600039517,29.715805617464085,14.857902808732042,9.115277796768124
3_3,5_5,14.161246154629792,40.73756490441156,20.36878245220578,12.49618555350048
3_4,0_0,0.0,74.49919700268194,37.24959850134097,22.852514418000595
3_4,0_1,0.0,61.12732898456039,30.5636644922802,18.75071441244184
3_4,0_2,10.987054128916338,49.40518065405645,24.702590327028226,15.154963390814864
3_4,0_3,47.06688978187033,40.781206225499645,20.390603112749822,12.509572461809707
3_4,0_4,0.0,37.46020446973963,18.730102234869815,11.490860266791298
3_4,0_5,11.788954249019792,40.75983497481161,20.379917487405805,12.503016863439145
3_4,1_0,0.0,69.05504726201555,34.527523631007774,21.182529834974094
3_4,1_1,0.0,54.36454365030323,27.182271825151616,16.6762403835286
3_4,1_2,98.35362480847877,40.74689568096188,20.37344784048094,12.499047754896282
3_4,1_3,416.9158083503447,29.715805617460624,14.857902808730312,9.115277796767064
3_4,1_4,855.6414473948599,24.97347085968178,12.48673542984089,7.660573883337969
3_4,1_5,166.9578832622264,29.70280788214979,14.851403941074896,9.111290761395642
3_4,2_0,0.0,65.57195283605446,32.78597641802723,20.1140959619799
3_4,2_1,54.4899285905064,49.868582175330424,24.934291087665212,15.297111096727125
3_4,2_2,552.0787956362874,34.524947708519356,17.262473854259678,10.590474757214526
3_4,2_3,4758.479850808667,20.37111740132631,10.185558700663154,6.248809018811752
3_4,2_4,12555.338528682392,12.486735793797608,6.243367896898804,3.83028705331215
3_4,2_5,499.8463712337885,20.366450665034833,10.183225332517416,6.247377504611912
3_4,3_0,7.8136817697126855,64.36905158606767,32.184525793033835,19.745107848487017
3_4,3_1,36.41489634930297,48.27697280652606,24.13848640326303,14.80888736396505
3_4,3_2,75.42661636798717,32.184771311582395,16.092385655791198,9.872629236681716
3_4,3_3,6214.631749419332,16.092447057288837,8.046223528644418,4.936333453156085
3_4,3_5,277.74589136049445,16.0925699036479,8.04628495182395,4.9363711360883125
3_4,4_0,1.31739282065904,65.57195283605562,32.78597641802781,20.11409596198025
3_4,4_1,0.0,49.86858217533158,24.93429108766579,15.29711109672748
3_4,4_2,6.815787600447993,34.524947708519356,17.262473854259678,10.590474757214526
3_4,4_3,380.67838806469297,20.37111740132632,10.18555870066316,6.248809018811754
3_4,4_4,3484.9418729804393,12.486735793797102,6.243367896898551,3.830287053311995
3_4,4_5,0.0,20.366450665033685,10.183225332516843,6.247377504611561
3_4,5_0,0.0,69.05504726201555,34.527523631007774,21.182529834974094
3_4,5_1,0.0,54.36454365030323,27.182271825151616,16.6762403835286
3_4,5_2,3.934144992338349,40.74689568096419,20.373447840482093,12.49904775489699
3_4,5_3,10.422895208755433,29.715805617464085,14.857902808732042,9.115277796768124
3_4,5_4,538.7372076190097,24.973470859681274,12.486735429840637,7.660573883337815
3_4,5_5,52.17433851946167,29.702807882146335,14.851403941073167,9.111290761394581
3_5,0_0,0.0,88.76910194163105,44.384550970815525,27.229785871665968
3_5,0_1,0.0,74.48790445259905,37.24395222629953,22.849050445582535
3_5,0_2,1.105657690823912,61.113336866639,30.556668433319498,18.746422351729755
3_5,0_3,6.2291953962030755,49.387664501965865,24.693832250982933,15.14959033802634
3_5,0_4,0.0,40.75983497481161,20.379917487405805,12.503016863439145
3_5,0_5,4.4749502498558575,37.43688057002561,18.718440285012804,11.483705696326874
3_5,1_0,0.0,84.25502098237294,42.12751049118647,25.845098460850597
3_5,1_1,0.0,69.04988722134524,34.52494361067262,21.18094700041265
3_5,1_2,8.36653151643917,54.35773346915264,27.17886673457632,16.67415137090572
3_5,1_3,44.577639429940625,40.737564904412686,20.368782452206343,12.496185553500824
3_5,1_4,159.4885482642286,29.70280788214979,14.851403941074896,9.111290761395642
3_5,1_5,71.85604066732067,24.95792159478814,12.47896079739407,7.655804170180411
3_5,2_0,0.0,81.42654081336345,40.71327040668172,24.977466507166703
3_5,2_1,3.8533882531704657,65.57095593279692,32.78547796639846,20.11379016343464
3_5,2_2,40.30410604199347,49.86699371499052,24.93349685749526,15.29662383895415
3_5,2_3,385.9169463293764,34.522366594087124,17.261183297043562,10.589683004321204
3_5,2_4,1771.8289570898378,20.366450665034833,10.183225332517416,6.247377504611912
3_5,2_5,283.9481187319963,12.478961161825488,6.239480580912744,3.8279021968789846
3_5,3_0,0.533844585690277,80.46162148971601,40.230810744858005,24.681478984575463
3_5,3_1,2.4879302520229913,64.36954271017399,32.184771355086994,19.74525850005337
3_5,3_2,5.153280099155177,48.27734121522949,24.138670607614745,14.809000372769784
3_5,3_3,424.59465451308574,32.185016960937354,16.092508480468677,9.872704589244588
3_5,3_4,1434.6940916076462,16.0925699036479,8.04628495182395,4.9363711360883125
3_5,4_0,0.09191853348520301,81.42654081336342,40.71327040668171,24.977466507166696
3_5,4_1,0.0,65.57095593279577,32.785477966397885,20.113790163434285
3_5,4_2,0.49758155607399335,49.86699371499052,24.93349685749526,15.29662383895415
3_5,4_3,30.873355706359515,34.52236659408367,17.261183297041836,10.589683004320145
3_5,4_4,491.80043295654474,20.366450665033685,10.183225332516843,6.247377504611561
3_5,4_5,0.0,12.478961161824984,6.239480580912492,3.8279021968788296
3_5,5_0,0.0,84.25502098237294,42.12751049118647,25.845098460850597
3_5,5_1,0.0,69.04988722134411,34.524943610672054,21.180947000412303
3_5,5_2,0.3346612606576691,54.35773346914919,27.178866734574594,16.67415137090466
3_5,5_3,1.1144409857486257,40.73756490441156,20.36878245220578,12.49618555350048
3_5,5_4,100.4187155738042,29.702807882146335,14.851403941073167,9.111290761394581
3_5,5_5,22.455012708538728,24.957921594787628,12.478960797393814,7.655804170180255
4_0,0_0,0.0,50.07102787831168,25.03551393915584,15.35921100561708
4_0,0_1,0.0,52.57862684349618,26.28931342174809,16.128413142176743
4_0,0_2,4.154267845670104,59.496496133524175,29.748248066762088,18.250458936663858
4_0,0_3,3.4278490224908023,69.52037715544954,34.76018857772477,21.325269066088815
4_0,0_4,0.0,81.51241146141237,40.756205730706185,25.003807196752263
4_0,0_5,0.0924753931353387,94.72811654194072,47.36405827097036,29.057704460718014
4_0,1_0,0.0,37.5532734430794,18.7766367215397,11.519409031619448
4_0,1_1,0.0,40.84520783508478,20.42260391754239,12.52920485738797
4_0,1_2,42.07560644874092,49.44017584077687,24.720087920388433,15.165698110667751
4_0,1_3,23.95026037000055,61.14131296689271,30.570656483446353,18.75500397757445
4_0,1_4,9.936953598082662,74.49919700268194,37.24959850134097,22.852514418000595
4_0,1_5,0.8348430278973278,88.76910194163105,44.384550970815525,27.229785871665968
4_0,2_0,0.0,25.035516835550492,12.517758417775246,7.679606391273158
4_0,2_1,296.86529294562337,29.754737351360635,14.877368675680318,9.127220046429644
4_0,2_2,293.3073207873325,40.76554097223316,20.38277048611658,12.504767169396676
4_0,2_3,217.75444913655002,54.371350578752704,27.185675289376352,16.678328398390402
4_0,2_4,78.27906443862095,69.05504726201555,34.527523631007774,21.182529834974094
4_0,2_5,1.6325192296508628,84.25502098237294,42.12751049118647,25.845098460850597
4_0,3_0,702.272061940407,12.517758779824113,6.258879389912057,3.8398033066945136
4_0,3_1,394.34566315786924,20.385101357722686,10.192550678861343,6.253098575988554
4_0,3_2,56.527971199084085,34.53010663681843,17.265053318409215,10.592057250557803
4_0,3_3,290.03432503783597,49.87017002812479,24.935085014062395,15.297598168136439
4_0,3_4,59.10845726159255,65.57195283605562,32.78597641802781,20.11409596198025
4_0,3_5,0.7984096036690495,81.42654081336342,40.71327040668171,24.977466507166696
4_0,4_1,0.0,16.092078779541797,8.046039389770899,4.936220484522024
4_0,4_2,7.7268713736177475,32.18428027448609,16.092140137243046,9.872478611805551
4_0,4_3,29.843064204090204,48.27660452877814,24.13830226438907,14.808774395330717
4_0,4_4,32.86709559722234,64.36905158606767,32.184525793033835,19.745107848487017
4_0,4_5,0.0,80.46162148971601,40.230810744858005,24.681478984575463
4_0,5_0,0.0,12.517758779824113,6.258879389912057,3.8398033066945136
4_0,5_1,0.0,20.385101357722686,10.192550678861343,6.253098575988554
4_0,5_2,6.280885688787121,34.53010663681843,17.265053318409215,10.592057250557803
4_0,5_3,1.6203034918314858,49.87017002812479,24.935085014062395,15.297598168136439
4_0,5_4,13.764983197905115,65.57195283605562,32.78597641802781,20.11409596198025
4_0,5_5,0.4990060022931559,81.42654081336342,40.71327040668171,24.977466507166696
4_1,0_0,0.0,52.57862684349618,26.28931342174809,16.128413142176743
4_1,0_1,0.0,50.04005024414522,25.02002512207261,15.349708663848228
4_1,0_2,3.9415159930740384,52.54915975866958,26.27457987933479,16.1193741591011
4_1,0_3,4.277577147506619,59.47055187939457,29.735275939697285,18.242500576501403
4_1,0_4,0.0,69.49831317393682,34.74915658696841,21.31850097360025
4_1,0_5,0.15288213105708223,81.49376070385341,40.746880351926706,24.99808610547651
4_1,1_0,0.0,40.84520783508478,20.42260391754239,12.52920485738797
4_1,1_1,0.0,37.53004022080134,18.76502011040067,11.51228227631943
4_1,1_2,46.261293560386285,40.82389267748851,20.411946338744254,12.522666465487273
4_1,1_3,34.63374760505893,49.422684443277305,24.711342221638652,15.160332651312057
4_1,1_4,16.628711114802194,61.12732898456039,30.5636644922802,18.75071441244184
4_1,1_5,1.513877818846954,74.48790445259905,37.24395222629953,22.849050445582535
4_1,2_0,0.0,29.754737351360635,14.877368675680318,9.127220046429644
4_1,2_1,231.66198932426644,25.02002802229214,12.51001401114607,7.674855221562007
4_1,2_2,398.89475103977304,29.74177036977776,14.87088518488888,9.123242444717105
4_1,2_3,372.3090162077261,40.75622104311802,20.37811052155901,12.501908295434975
4_1,2_4,147.17433043653864,54.36454365030323,27.182271825151616,16.6762403835286
4_1,2_5,3.212072054111414,69.04988722134524,34.52494361067262,21.18094700041265
4_1,3_0,180.0539778257949,20.385101357722686,10.192550678861343,6.253098575988554
4_1,3_1,406.10015286394844,12.510014373673041,6.2550071868365205,3.8374277219855957
4_1,3_2,101.3220446073879,20.38044275699303,10.190221378496515,6.2516695573598255
4_1,3_3,577.6316985386659,34.527527724743706,17.263763862371853,10.591266173234267
4_1,3_4,121.53134533450198,49.86858217533158,24.93429108766579,15.29711109672748
4_1,3_5,1.6638078511793097,65.57095593279577,32.785477966397885,20.113790163434285
4_1,4_0,49.326313024311496,16.092078779541797,8.046039389770899,4.936220484522024
4_1,4_2,16.441926130884884,16.09220149494328,8.04610074747164,4.936258127283215
4_1,4_3,63.50273395752985,32.18452574923543,16.092262874617717,9.872553910808415
4_1,4_4,69.9375376936277,48.27697280652606,24.13848640326303,14.80888736396505
4_1,4_5,0.0,64.36954271017399,32.184771355086994,19.74525850005337
4_1,5_0,0.0,20.385101357722686,10.192550678861343,6.253098575988554
4_1,5_1,0.0,12.510014373673041,6.2550071868365205,3.8374277219855957
4_1,5_2,11.258004956376434,20.38044275699303,10.190221378496515,6.2516695573598255
4_1,5_3,3.2269927292662897,34.527527724743706,17.263763862371853,10.591266173234267
4_1,5_4,28.301820146390874,49.86858217533158,24.93429108766579,15.29711109672748
4_1,5_5,1.0398799069870688,65.57095593279577,32.785477966397885,20.113790163434285
4_2,0_0,0.0,59.496496133524175,29.748248066762088,18.250458936663858
4_2,0_1,0.0,52.54915975866958,26.27457987933479,16.1193741591011
4_2,0_2,0.37773522217450345,50.00904235695468,25.00452117847734,15.340197042010638
4_2,0_3,0.6052200301180117,52.51966565467893,26.259832827339466,16.110326887938324
4_2,0_4,0.0,59.4445871050543,29.72229355252715,18.2345359217958
4_2,0_5,0.033839331516210935,69.47623439467685,34.738117197338426,21.311728341925416
4_2,1_0,0.0,49.44017584077687,24.720087920388433,15.165698110667751
4_2,1_1,0.0,40.82389267748851,20.411946338744254,12.522666465487273
4_2,1_2,4.7483891813831285,37.50678430874924,18.75339215437462,11.505148560966026
4_2,1_3,5.67864531303891,40.802558800351434,20.401279400175717,12.516122331396147
4_2,1_4,3.5858599828060793,49.40518065405645,24.702590327028226,15.154963390814864
4_2,1_5,0.37775496377083917,61.113336866639,30.556668433319498,18.746422351729755
4_2,2_0,0.0,40.76554097223316,20.38277048611658,12.504767169396676
4_2,2_1,11.690245882024742,29.74177036977776,14.87088518488888,9.123242444717105
4_2,2_2,46.41533254500332,25.004524082514955,12.502262041257477,7.6700994118144035
4_2,2_3,75.50743853438736,29.72879311924635,14.864396559623176,9.119261693020354
4_2,2_4,37.521108836538524,40.74689568096188,20.37344784048094,12.499047754896282
4_2,2_5,0.9004207480982223,54.35773346915264,27.17886673457632,16.67415137090572
4_2,3_0,3.952825979004834,34.53010663681843,17.265053318409215,10.592057250557803
4_2,3_1,15.517529865520851,20.38044275699303,10.190221378496515,6.2516695573598255
4_2,3_2,15.559268018653341,12.502262404261716,6.251131202130858,3.835049817258195
4_2,3_3,154.37675859365103,20.3757814350953,10.18789071754765,6.2502397040169635
4_2,3_4,36.08597616859091,34.524947708519356,17.262473854259678,10.590474757214526
4_2,3_5,0.5100056850715773,49.86699371499052,24.93349685749526,15.29662383895415
4_2,4_0,0.9117835669037739,32.18428027448609,16.092140137243046,9.872478611805551
4_2,4_1,0.0,16.09220149494328,8.04610074747164,4.936258127283215
4_2,4_3,20.144505723182835,16.09232425429209,8.046162127146046,4.936295783525182
4_2,4_4,22.1857712343042,32.184771311582395,16.092385655791198,9.872629236681716
4_2,4_5,0.0,48.27734121522949,24.138670607614745,14.809000372769784
4_2,5_0,0.0,34.53010663681843,17.265053318409215,10.592057250557803
4_2,5_1,0.0,20.38044275699303,10.190221378496515,6.2516695573598255
4_2,5_2,1.728807557628149,12.502262404261716,6.251131202130858,3.835049817258195
4_2,5_3,0.8624399921433018,20.3757814350953,10.18789071754765,6.2502397040169635
4_2,5_4,8.403583491315691,34.524947708519356,17.262473854259678,10.590474757214526
4_2,5_5,0.3187535531697358,49.86699371499052,24.93349685749526,15.29662383895415
4_3,0_0,0.0,69.52037715544954,34.76018857772477,21.325269066088815
4_3,0_1,0.0,59.47055187939457,29.735275939697285,18.242500576501403
4_3,0_2,5.556904339277223,52.51966565467893,26.259832827339466,16.110326887938324
4_3,0_3,13.910978620170814,49.978004234874184,24.989002117437092,15.330676145666928
4_3,0_4,0.0,52.490144556770524,26.245072278385262,16.101271336432678
4_3,0_5,1.5106674330918952,59.418601845920115,29.709300922960058,18.22656498341108
4_3,1_0,0.0,61.14131296689271,30.570656483446353,18.75500397757445
4_3,1_1,0.0,49.422684443277305,24.711342221638652,15.160332651312057
4_3,1_2,65.17400121218962,40.802558800351434,20.401279400175717,12.516122331396147
4_3,1_3,139.80053993165978,37.48350572052377,18.741752860261887,11.49800788973122
4_3,1_4,141.04158895000765,40.781206225499645,20.390603112749822,12.509572461809707
4_3,1_5,19.540742881793907,49.387664501965865,24.693832250982933,15.14959033802634
4_3,2_0,0.0,54.371350578752704,27.185675289376352,16.678328398390402
4_3,2_1,81.14719729578623,40.75622104311802,20.37811052155901,12.501908295434975
4_3,2_2,561.5576971794544,29.72879311924635,14.864396559623176,9.119261693020354
4_3,2_3,2107.4212602351117,24.989005025286005,12.494502512643002,7.665338964811658
4_3,2_4,1825.42207172069,29.715805617460624,14.857902808730312,9.115277796767064
4_3,2_5,55.061336680868536,40.737564904412686,20.368782452206343,12.496185553500824
4_3,3_0,18.72547302120438,49.87017002812479,24.935085014062395,15.297598168136439
4_3,3_1,81.67869018504491,34.527527724743706,17.263763862371853,10.591266173234267
4_3,3_2,142.5348358148542,20.3757814350953,10.18789071754765,6.2502397040169635
4_3,3_3,5686.52499028564,12.494502876123654,6.247251438061827,3.8326695939029616
4_3,3_4,2313.18449336998,20.37111740132632,10.18555870066316,6.248809018811754
4_3,3_5,36.31819204073265,34.52236659408367,17.261183297041836,10.589683004320145
4_3,4_0,4.04167261653012,48.27660452877814,24.13830226438907,14.808774395330717
4_3,4_1,0.0,32.18452574923543,16.092262874617717,9.872553910808415
4_3,4_2,23.119916248459713,16.09232425429209,8.046162127146046,4.936295783525182
4_3,4_4,1687.73558007157,16.092447057288837,8.046223528644418,4.936333453156085
4_3,4_5,0.0,32.185016960937354,16.092508480468677,9.872704589244588
4_3,5_0,0.0,49.87017002812479,24.935085014062395,15.297598168136439
4_3,5_1,0.0,34.527527724743706,17.263763862371853,10.591266173234267
4_3,5_2,15.837203979428246,20.3757814350953,10.18789071754765,6.2502397040169635
4_3,5_3,31.768296035115306,12.494502876123654,6.247251438061827,3.8326695939029616
4_3,5_4,538.6867998258858,20.37111740132632,10.18555870066316,6.248809018811754
4_3,5_5,22.698870025457904,34.52236659408367,17.261183297041836,10.589683004320145
4_4,0_0,0.0,81.51241146141237,40.756205730706185,25.003807196752263
4_4,0_1,0.0,69.49831317393682,34.74915658696841,21.31850097360025
4_4,0_2,7.259849712254529,59.4445871050543,29.72229355252715,18.2345359217958
4_4,0_3,26.836188547143447,52.490144556770524,26.245072278385262,16.101271336432678
4_4,0_4,0.0,49.94693589605676,24.97346794802838,15.32114598038551
4_4,0_5,6.726579321757686,52.46059649025464,26.23029824512732,16.09220751234805
4_4,1_0,0.0,74.49919700268194,37.24959850134097,22.852514418000595
4_4,1_1,0.0,61.12732898456039,30.5636644922802,18.75071441244184
4_4,1_2,73.42005879384348,49.40518065405645,24.702590327028226,15.154963390814864
4_4,1_3,251.61640414119657,40.781206225499645,20.390603112749822,12.509572461809707
4_4,1_4,455.4722793607564,37.46020446973963,18.730102234869815,11.490860266791298
4_4,1_5,100.83672120152802,40.75983497481161,20.379917487405805,12.503016863439145
4_4,2_0,0.0,69.05504726201555,34.527523631007774,21.182529834974094
4_4,2_1,58.74918074500412,54.36454365030323,27.182271825151616,16.6762403835286
4_4,2_2,511.06964425738647,40.74689568096188,20.37344784048094,12.499047754896282
4_4,2_3,3343.2055000734767,29.715805617460624,14.857902808730312,9.115277796767064
4_4,2_4,6683.416213521833,24.97347085968178,12.48673542984089,7.660573883337969
4_4,2_5,351.4398036392911,29.70280788214979,14.851403941074896,9.111290761395642
4_4,3_0,11.268308432084677,65.57195283605562,32.78597641802781,20.11409596198025
4_4,3_1,50.74248775205685,49.86858217533158,24.93429108766579,15.29711109672748
4_4,3_2,98.37919466273625,34.524947708519356,17.262473854259678,10.590474757214526
4_4,3_3,6830.24017946585,20.37111740132632,10.18555870066316,6.248809018811754
4_4,3_4,11178.157895508772,12.486735793797102,6.243367896898551,3.830287053311995
4_4,3_5,305.38798144090157,20.366450665033685,10.183225332516843,6.247377504611561
4_4,4_0,2.3496420031141865,64.36905158606767,32.184525793033835,19.745107848487017
4_4,4_1,0.0,48.27697280652606,24.13848640326303,14.80888736396505
4_4,4_2,13.440852706298006,32.184771311582395,16.092385655791198,9.872629236681716
4_4,4_3,890.8960977192859,16.092447057288837,8.046223528644418,4.936333453156085
4_4,4_5,0.0,16.0925699036479,8.04628495182395,4.9363711360883125
4_4,5_0,0.0,65.57195283605562,32.78597641802781,20.11409596198025
4_4,5_1,0.0,49.86858217533158,24.93429108766579,15.29711109672748
4_4,5_2,10.931021629192918,34.524947708519356,17.262473854259678,10.590474757214526
4_4,5_3,38.157766365731,20.37111740132632,10.18555870066316,6.248809018811754
4_4,5_4,2603.132660597933,12.486735793797102,6.243367896898551,3.830287053311995
4_4,5_5,190.86748840056345,20.366450665033685,10.183225332516843,6.247377504611561
4_5,0_0,0.0,94.72811654194072,47.36405827097036,29.057704460718014
4_5,0_1,0.0,81.49376070385341,40.746880351926706,24.99808610547651
4_5,0_2,0.1294723109735778,69.47623439467685,34.738117197338426,21.311728341925416
4_5,0_3,0.6295125081803878,59.418601845920115,29.709300922960058,18.22656498341108
4_5,0_4,0.0,52.46059649025464,26.23029824512732,16.09220751234805
4_5,0_5,0.3642988804164247,49.91583735867415,24.957918679337077,15.311606551740539
4_5,1_0,0.0,88.76910194163105,44.384550970815525,27.229785871665968
4_5,1_1,0.0,74.48790445259905,37.24395222629953,22.849050445582535
4_5,1_2,1.129159609490786,61.113336866639,30.556668433319498,18.746422351729755
4_5,1_3,5.089282803813948,49.387664501965865,24.693832250982933,15.14959033802634
4_5,1_4,14.72117483334417,40.75983497481161,20.379917487405805,12.503016863439145
4_5,1_5,5.849689638798902,37.43688057002561,18.718440285012804,11.483705696326874
4_5,2_0,0.0,84.25502098237294,42.12751049118647,25.845098460850597
4_5,2_1,0.6946106797995124,69.04988722134524,34.52494361067262,21.18094700041265
4_5,2_2,6.644102854781436,54.35773346915264,27.17886673457632,16.67415137090572
4_5,2_3,54.63022092476822,40.737564904412686,20.368782452206343,12.496185553500824
4_5,2_4,190.38703875948744,29.70280788214979,14.851403941074896,9.111290761395642
4_5,2_5,23.11577619388364,24.95792159478814,12.47896079739407,7.655804170180411
4_5,3_0,0.12015661916225806,81.42654081336342,40.71327040668171,24.977466507166696
4_5,3_1,0.5484025503325192,65.57095593279577,32.785477966397885,20.113790163434285
4_5,3_2,1.097621660349258,49.86699371499052,24.93349685749526,15.29662383895415
4_5,3_3,84.65697975059926,34.52236659408367,17.261183297041836,10.589683004320145
4_5,3_4,241.0820011726986,20.366450665033685,10.183225332516843,6.247377504611561
4_5,3_5,26.512798632415382,12.478961161824984,6.239480580912492,3.8279021968788296
4_5,4_0,0.02453364065653322,80.46162148971601,40.230810744858005,24.681478984575463
4_5,4_1,0.0,64.36954271017399,32.184771355086994,19.74525850005337
4_5,4_2,0.14034182653216656,48.27734121522949,24.138670607614745,14.809000372769784
4_5,4_3,9.302236125666566,32.185016960937354,16.092508480468677,9.872704589244588
4_5,4_4,175.822803060637,16.0925699036479,8.04628495182395,4.9363711360883125
4_5,5_0,0.0,81.42654081336342,40.71327040668171,24.977466507166696
4_5,5_1,0.0,65.57095593279577,32.785477966397885,20.113790163434285
4_5,5_2,0.12195796226102865,49.86699371499052,24.93349685749526,15.29662383895415
4_5,5_3,0.47294402095306853,34.52236659408367,17.261183297041836,10.589683004320145
4_5,5_4,56.14238383473802,20.366450665033685,10.183225332516843,6.247377504611561
4_5,5_5,16.570499145259614,12.478961161824984,6.239480580912492,3.8279021968788296
5_0,0_0,0.0,62.58877941714615,31.29438970857308,19.19901209114913
5_0,0_1,0.0,64.60562772648389,32.302813863241944,19.81767721671285
5_0,0_2,0.37656359914632326,70.34440469421654,35.17220234710827,21.578038249759675
5_0,0_3,0.350688221474434,78.9981745058527,39.49908725292635,24.232568866825982
5_0,0_4,0.0,89.72752032035663,44.863760160178316,27.5237792393732
5_0,0_5,0.01161955552206725,101.87883057181615,50.939415285908076,31.251175022029496
5_0,1_0,0.0,50.07102787831168,25.03551393915584,15.35921100561708
5_0,1_1,0.0,52.57862684349618,26.28931342174809,16.128413142176743
5_0,1_2,4.090143114684703,59.496496133524175,29.748248066762088,18.250458936663858
5_0,1_3,2.69994975738169,69.52037715544954,34.76018857772477,21.325269066088815
5_0,1_4,1.2638364964031341,81.51241146141237,40.756205730706185,25.003807196752263
5_0,1_5,0.11654138259711716,94.72811654194072,47.36405827097036,29.057704460718014
5_0,2_0,0.0,37.5532734430794,18.7766367215397,11.519409031619448
5_0,2_1,26.338977681506453,40.84520783508478,20.42260391754239,12.52920485738797
5_0,2_2,32.21296096841697,49.44017584077687,24.720087920388433,15.165698110667751
5_0,2_3,28.296680768727526,61.14131296689271,30.570656483446353,18.75500397757445
5_0,2_4,11.435904036319624,74.49919700268194,37.24959850134097,22.852514418000595
5_0,2_5,0.2589162977962694,88.76910194163105,44.384550970815525,27.229785871665968
5_0,3_0,54.92828226394053,25.035516835549984,12.517758417774992,7.679606391273002
5_0,3_1,40.73103909152891,29.75473735136179,14.877368675680895,9.127220046429997
5_0,3_2,7.700796470343544,40.76554097223316,20.38277048611658,12.504767169396676
5_0,3_3,46.051663689710246,54.37135057875502,27.18567528937751,16.678328398391113
5_0,3_4,10.268286689846796,69.05504726201555,34.527523631007774,21.182529834974094
5_0,3_5,0.14695496027131588,84.25502098237294,42.12751049118647,25.845098460850597
5_0,4_0,31.114434732432233,12.517758779824113,6.258879389912057,3.8398033066945136
5_0,4_1,0.0,20.385101357722686,10.192550678861343,6.253098575988554
5_0,4_2,1.4841443436088577,34.53010663681843,17.265053318409215,10.592057250557803
5_0,4_3,6.125923970562198,49.87017002812479,24.935085014062395,15.297598168136439
5_0,4_4,6.98352802860665,65.57195283605562,32.78597641802781,20.11409596198025
5_0,4_5,0.0,81.42654081336342,40.71327040668171,24.977466507166696
5_0,5_1,0.0,16.092078779541797,8.046039389770899,4.936220484522024
5_0,5_2,1.8258240972958206,32.18428027448609,16.092140137243046,9.872478611805551
5_0,5_3,0.44073615896965757,48.27660452877814,24.13830226438907,14.808774395330717
5_0,5_4,3.6172009545068913,64.36905158606767,32.184525793033835,19.745107848487017
5_0,5_5,0.12840266840011252,80.46162148971601,40.230810744858005,24.681478984575463
5_1,0_0,0.0,64.60562772648389,32.302813863241944,19.81767721671285
5_1,0_1,0.0,62.55005736726647,31.275028683633234,19.187134161738182
5_1,0_2,0.08989508181649405,64.56813908318206,32.28406954159103,19.806177632877933
5_1,0_3,0.10827137930578466,70.31005411281414,35.15502705640707,21.567501261599432
5_1,0_4,0.0,78.9677080063514,39.4838540031757,24.22322331483172
5_1,0_5,0.004882570435292084,89.7008475027248,44.8504237513624,27.515597393473865
5_1,1_0,0.0,52.57862684349618,26.28931342174809,16.128413142176743
5_1,1_1,0.0,50.04005024414522,25.02002512207261,15.349708663848228
5_1,1_2,1.0828213846532069,52.54915975866958,26.27457987933479,16.1193741591011
5_1,1_3,0.9401158372490259,59.47055187939457,29.735275939697285,18.242500576501403
5_1,1_4,0.5234358823418703,69.49831317393682,34.74915658696841,21.31850097360025
5_1,1_5,0.05376011987455917,81.49376070385341,40.746880351926706,24.99808610547651
5_1,2_0,0.0,40.84520783508478,20.42260391754239,12.52920485738797
5_1,2_1,5.059318836955623,37.53004022080134,18.76502011040067,11.51228227631943
5_1,2_2,9.882516662501232,40.82389267748851,20.411946338744254,12.522666465487273
5_1,2_3,11.417585295608411,49.422684443277305,24.711342221638652,15.160332651312057
5_1,2_4,5.339804412345771,61.12732898456039,30.5636644922802,18.75071441244184
5_1,2_5,0.13100712336249187,74.48790445259905,37.24395222629953,22.849050445582535
5_1,3_0,5.189203015527361,29.75473735136179,14.877368675680895,9.127220046429997
5_1,3_1,8.86891240085188,25.020028022291637,12.510014011145818,7.674855221561852
5_1,3_2,2.9222716498641432,29.74177036977892,14.87088518488946,9.12324244471746
5_1,3_3,21.970066003992496,40.756221043118025,20.378110521559012,12.501908295434978
5_1,3_4,5.386838416683846,54.36454365030323,27.182271825151616,16.6762403835286
5_1,3_5,0.0806790440829841,69.04988722134411,34.524943610672054,21.180947000412303
5_1,4_0,2.225915969030859,20.385101357722686,10.192550678861343,6.253098575988554
5_1,4_1,0.0,12.510014373673041,6.2550071868365205,3.8374277219855957
5_1,4_2,0.7422773493275358,20.38044275699303,10.190221378496515,6.2516695573598255
5_1,4_3,3.4042601596437514,34.527527724743706,17.263763862371853,10.591266173234267
5_1,4_4,4.006480953981522,49.86858217533158,24.93429108766579,15.29711109672748
5_1,4_5,0.0,65.57095593279577,32.785477966397885,20.113790163434285
5_1,5_0,0.0,16.092078779541797,8.046039389770899,4.936220484522024
5_1,5_2,1.084070347593858,16.09220149494328,8.04610074747164,4.936258127283215
5_1,5_3,0.2616840262756168,32.18452574923543,16.092262874617717,9.872553910808415
5_1,5_4,2.1476878861859903,48.27697280652606,24.13848640326303,14.80888736396505
5_1,5_5,0.07623819050840709,64.36954271017399,32.184771355086994,19.74525850005337
5_2,0_0,0.0,70.34440469421654,35.17220234710827,21.578038249759675
5_2,0_1,0.0,64.56813908318206,32.28406954159103,19.806177632877933
5_2,0_2,0.3869843970384285,62.51129750111934,31.25564875055967,19.175244632245196
5_2,0_3,0.6475377510809606,64.53061531985543,32.265307659927714,19.794667276029273
5_2,0_4,0.0,70.27567456240034,35.13783728120017,21.55695538723937
5_2,0_5,0.045350999072443894,78.93721898798168,39.46860949399084,24.213870855209105
5_2,1_0,0.0,59.496496133524175,29.748248066762088,18.250458936663858
5_2,1_1,0.0,52.54915975866958,26.27457987933479,16.1193741591011
5_2,1_2,4.864656365262398,50.00904235695468,25.00452117847734,15.340197042010638
5_2,1_3,6.235452346644553,52.51966565467893,26.259832827339466,16.110326887938324
5_2,1_4,4.566368071417342,59.4445871050543,29.72229355252715,18.2345359217958
5_2,1_5,0.5578230160571438,69.47623439467685,34.738117197338426,21.311728341925416
5_2,2_0,0.0,49.44017584077687,24.720087920388433,15.165698110667751
5_2,2_1,13.57700672965282,40.82389267748851,20.411946338744254,12.522666465487273
5_2,2_2,47.551830915506756,37.50678430874924,18.75339215437462,11.505148560966026
5_2,2_3,87.7587996452617,40.802558800351434,20.401279400175717,12.516122331396147
5_2,2_4,53.97979647504714,49.40518065405645,24.702590327028226,15.154963390814864
5_2,2_5,1.53244684122421,61.113336866639,30.556668433319498,18.746422351729755
5_2,3_0,7.043696199969865,40.76554097223316,20.38277048611658,12.504767169396676
5_2,3_1,20.98023669603325,29.74177036977892,14.87088518488946,9.12324244471746
5_2,3_2,15.9402410052207,25.004524082514447,12.502262041257223,7.670099411814248
5_2,3_3,208.8760757284584,29.72879311925095,14.864396559625474,9.119261693021764
5_2,3_4,64.37966285916775,40.74689568096419,20.373447840482093,12.49904775489699
5_2,3_5,1.060210527892701,54.35773346914919,27.178866734574594,16.67415137090466
5_2,4_0,2.2907879696735542,34.53010663681843,17.265053318409215,10.592057250557803
5_2,4_1,0.0,20.38044275699303,10.190221378496515,6.2516695573598255
5_2,4_2,5.343460199098488,12.502262404261716,6.251131202130858,3.835049817258195
5_2,4_3,42.650565720118394,20.3757814350953,10.18789071754765,6.2502397040169635
5_2,4_4,55.76791255674184,34.524947708519356,17.262473854259678,10.590474757214526
5_2,4_5,0.0,49.86699371499052,24.93349685749526,15.29662383895415
5_2,5_0,0.0,32.18428027448609,16.092140137243046,9.872478611805551
5_2,5_1,0.0,16.09220149494328,8.04610074747164,4.936258127283215
5_2,5_3,3.8914598998954872,16.09232425429209,8.046162127146046,4.936295783525182
5_2,5_4,31.937911555142833,32.184771311582395,16.092385655791198,9.872629236681716
5_2,5_5,1.1337255293206754,48.27734121522949,24.138670607614745,14.809000372769784
5_3,0_0,0.0,78.9981745058527,39.49908725292635,24.232568866825982
5_3,0_1,0.0,70.31005411281414,35.15502705640707,21.567501261599432
5_3,0_2,0.8643935557343753,64.53061531985543,32.265307659927714,19.794667276029273
5_3,0_3,2.0734239031510544,62.47249984137254,31.236249920686273,19.16334350962348
5_3,0_4,0.0,64.49305646528803,32.24652823264402,19.78314615499633
5_3,0_5,0.2609927974632415,70.24126608296312,35.12063304148156,21.546400638945745
5_3,1_0,0.0,69.52037715544954,34.76018857772477,21.325269066088815
5_3,1_1,0.0,59.47055187939457,29.735275939697285,18.242500576501403
5_3,1_2,10.404576444637378,52.51966565467893,26.259832827339466,16.110326887938324
5_3,1_3,20.837190152833795,49.978004234874184,24.989002117437092,15.330676145666928
5_3,1_4,22.532560549884852,52.490144556770524,26.245072278385262,16.101271336432678
5_3,1_5,3.6205147511777427,59.418601845920115,29.709300922960058,18.22656498341108
5_3,2_0,0.0,61.14131296689271,30.570656483446353,18.75500397757445
5_3,2_1,16.960638178161677,49.422684443277305,24.711342221638652,15.160332651312057
5_3,2_2,94.89036585748005,40.802558800351434,20.401279400175717,12.516122331396147
5_3,2_3,314.10986748994,37.48350572052377,18.741752860261887,11.49800788973122
5_3,2_4,308.68242770931295,40.781206225499645,20.390603112749822,12.509572461809707
5_3,2_5,11.525057714849556,49.387664501965865,24.693832250982933,15.14959033802634
5_3,3_0,5.654265501241234,54.37135057875502,27.18567528937751,16.678328398391113
5_3,3_1,21.173227423545917,40.756221043118025,20.378110521559012,12.501908295434978
5_3,3_2,28.038488729911563,29.72879311925095,14.864396559625474,9.119261693021764
5_3,3_3,847.5730104387194,24.989005025285504,12.494502512642752,7.665338964811505
5_3,3_4,455.36865322313037,29.715805617464085,14.857902808732042,9.115277796768124
5_3,3_5,9.42584228977218,40.73756490441156,20.36878245220578,12.49618555350048
5_3,4_0,1.577744939035709,49.87017002812479,24.935085014062395,15.297598168136439
5_3,4_1,0.0,34.527527724743706,17.263763862371853,10.591266173234267
5_3,4_2,7.116742246948625,20.3757814350953,10.18789071754765,6.2502397040169635
5_3,4_3,228.41079756285396,12.494502876123654,6.247251438061827,3.8326695939029616
5_3,4_4,519.7362435419901,20.37111740132632,10.18555870066316,6.248809018811754
5_3,4_5,0.0,34.52236659408367,17.261183297041836,10.589683004320145
5_3,5_0,0.0,48.27660452877814,24.13830226438907,14.808774395330717
5_3,5_1,0.0,32.18452574923543,16.092262874617717,9.872553910808415
5_3,5_2,10.389364494203312,16.09232425429209,8.046162127146046,4.936295783525182
5_3,5_4,353.23456143544746,16.092447057288837,8.046223528644418,4.936333453156085
5_3,5_5,12.539049068573899,32.185016960937354,16.092508480468677,9.872704589244588
5_4,0_0,0.0,89.72752032035663,44.863760160178316,27.5237792393732
5_4,0_1,0.0,78.9677080063514,39.4838540031757,24.22322331483172
5_4,0_2,1.9358080174841363,70.27567456240034,35.13783728120017,21.55695538723937
5_4,0_3,6.452170778156152,64.49305646528803,32.24652823264402,19.78314615499633
5_4,0_4,0.0,62.43366441071734,31.21683220535867,19.15143080083354
5_4,0_5,1.6184076233528426,64.45546254830853,32.227731274154266,19.771614278622252
5_4,1_0,0.0,81.51241146141237,40.756205730706185,25.003807196752263
5_4,1_1,0.0,69.49831317393682,34.74915658696841,21.31850097360025
5_4,1_2,20.99506468534584,59.4445871050543,29.72229355252715,18.2345359217958
5_4,1_3,62.086961773256085,52.490144556770524,26.245072278385262,16.101271336432678
5_4,1_4,104.92725070622821,49.94693589605676,24.97346794802838,15.32114598038551
5_4,1_5,24.89968334995612,52.46059649025464,26.23029824512732,16.09220751234805
5_4,2_0,0.0,74.49919700268194,37.24959850134097,22.852514418000595
5_4,2_1,22.43836207180466,61.12732898456039,30.5636644922802,18.75071441244184
5_4,2_2,165.10512963477245,49.40518065405645,24.702590327028226,15.154963390814864
5_4,2_3,873.1920725997529,40.781206225499645,20.390603112749822,12.509572461809707
5_4,2_4,1539.6597885939304,37.46020446973963,18.730102234869815,11.490860266791298
5_4,2_5,91.8583956943161,40.75983497481161,20.379917487405805,12.503016863439145
5_4,3_0,5.749799008434026,69.05504726201555,34.527523631007774,21.182529834974094
5_4,3_1,23.676279293025157,54.36454365030323,27.182271825151616,16.6762403835286
5_4,3_2,39.41290124059119,40.74689568096419,20.373447840482093,12.49904775489699
5_4,3_3,2076.7629932401464,29.715805617464085,14.857902808732042,9.115277796768124
5_4,3_4,2575.113902742727,24.973470859681274,12.486735429840637,7.660573883337815
5_4,3_5,92.9228386228386,29.702807882146335,14.851403941073167,9.111290761394581
5_4,4_0,1.4664282762219818,65.57195283605562,32.78597641802781,20.11409596198025
5_4,4_1,0.0,49.86858217533158,24.93429108766579,15.29711109672748
5_4,4_2,7.586851473063342,34.524947708519356,17.262473854259678,10.590474757214526
5_4,4_3,423.7441890152445,20.37111740132632,10.18555870066316,6.248809018811754
5_4,4_4,3879.190187913707,12.486735793797102,6.243367896898551,3.830287053311995
5_4,4_5,0.0,20.366450665033685,10.183225332516843,6.247377504611561
5_4,5_0,0.0,64.36905158606767,32.184525793033835,19.745107848487017
5_4,5_1,0.0,48.27697280652606,24.13848640326303,14.80888736396505
5_4,5_2,9.328840122470197,32.184771311582395,16.092385655791198,9.872629236681716
5_4,5_3,38.64629835511426,16.092447057288837,8.046223528644418,4.936333453156085
5_4,5_5,193.2293951680611,16.0925699036479,8.04628495182395,4.9363711360883125
5_5,0_0,0.0,101.87883057181615,50.939415285908076,31.251175022029496
5_5,0_1,0.0,89.7008475027248,44.8504237513624,27.515597393473865
5_5,0_2,0.8854936285678918,78.93721898798168,39.46860949399084,24.213870855209105
5_5,0_3,3.817514332949242,70.24126608296312,35.12063304148156,21.546400638945745
5_5,0_4,0.0,64.45546254830853,32.227731274154266,19.771614278622252
5_5,0_5,1.908539143146124,62.39479123186851,31.197395615934255,19.139506512843102
5_5,1_0,0.0,94.72811654194072,47.36405827097036,29.057704460718014
5_5,1_1,0.0,81.49376070385341,40.746880351926706,24.99808610547651
5_5,1_2,8.509127704766934,69.47623439467685,34.738117197338426,21.311728341925416
5_5,1_3,33.09805646366018,59.418601845920115,29.709300922960058,18.22656498341108
5_5,1_4,82.61066802220921,52.46059649025464,26.23029824512732,16.09220751234805
5_5,1_5,30.64615176215915,49.91583735867415,24.957918679337077,15.311606551740539
5_5,2_0,0.0,88.76910194163105,44.384550970815525,27.229785871665968
5_5,2_1,6.777440269538877,74.48790445259905,37.24395222629953,22.849050445582535
5_5,2_2,57.705834850038585,61.113336866639,30.556668433319498,18.746422351729755
5_5,2_3,401.37098328767564,49.387664501965865,24.693832250982933,15.14959033802634
5_5,2_4,1130.8990588584695,40.75983497481161,20.379917487405805,12.503016863439145
5_5,2_5,121.10205707754922,37.43688057002561,18.718440285012804,11.483705696326874
5_5,3_0,1.4762854150775373,84.25502098237294,42.12751049118647,25.845098460850597
5_5,3_1,6.361677528921254,69.04988722134411,34.524943610672054,21.180947000412303
5_5,3_2,11.644295576886524,54.35773346914919,27.178866734574594,16.67415137090466
5_5,3_3,771.2148359554138,40.73756490441156,20.36878245220578,12.49618555350048
5_5,3_4,1667.0701287842926,29.702807882146335,14.851403941073167,9.111290761394581
5_5,3_5,138.89882013678343,24.957921594787628,12.478960797393814,7.655804170180255
5_5,4_0,0.3553598481415912,81.42654081336342,40.71327040668171,24.977466507166696
5_5,4_1,0.0,65.57095593279577,32.785477966397885,20.113790163434285
5_5,4_2,1.923665440473715,49.86699371499052,24.93349685749526,15.29662383895415
5_5,4_3,119.35733284081797,34.52236659408367,17.261183297041836,10.589683004320145
5_5,4_4,1901.3154425439166,20.366450665033685,10.183225332516843,6.247377504611561
5_5,4_5,0.0,12.478961161824984,6.239480580912492,3.8279021968788296
5_5,5_0,0.0,80.46162148971601,40.230810744858005,24.681478984575463
5_5,5_1,0.0,64.36954271017399,32.184771355086994,19.74525850005337
5_5,5_2,2.213637523518662,48.27734121522949,24.138670607614745,14.809000372769784
5_5,5_3,9.170367919363077,32.185016960937354,16.092508480468677,9.872704589244588
5_5,5_4,1291.6672250856634,16.0925699036479,8.04628495182395,4.9363711360883125
